Name,Co-ordinates,Rating,Type
AVAN Multispeciality Hospital,"('18.4429315', '73.7805444')",3.8(11),Hospital 
Jeevan Uday Multispeciality Hospital,"('18.442847', '73.7809432')",5.0(50),Hospital 
Thube Nursing Home,"('18.4415238', '73.7776488')",5.0(1),Hospital 
Nagare Nursing Home,"('18.4611943', '73.7732869')",4.6(17),General hospital 
Shreeyash Multi-speciality Hospital,"('18.4451323', '73.7890318')",4.7(36),Hospital 
Nanded Multispeciality Hospital,"('18.4582274', '73.7870676')",4.1(90),Hospital 
Hospital,"('18.4594465', '73.771586')",3.4(5),Hospital 
Shree Tuljai Clinic,"('18.454831', '73.790002')",No reviews,General hospital 
Sinhagad Speciality Hospital,"('18.4542414', '73.7957777')",4.9(8),Hospital 
Shreeyash Multi-speciality Hospital,"('18.4451323', '73.7890318')",4.7(36),Hospital 
Shree Tuljai Clinic,"('18.454831', '73.790002')",No reviews,General hospital 
Silver Brich Multispeciality Clinic And Labs,"('18.442152', '73.7991917')",No reviews,General hospital 
AVAN Multispeciality Hospital,"('18.4429315', '73.7805444')",3.8(11),Hospital 
Jeevan Uday Multispeciality Hospital,"('18.442847', '73.7809432')",5.0(50),Hospital 
Thube Nursing Home,"('18.4415238', '73.7776488')",5.0(1),Hospital 
Suruchi Multispeciality hospital,"('18.4452538', '73.7871664')",5.0(7),Hospital 
Sinhagad Speciality Hospital,"('18.4542414', '73.7957777')",4.9(8),Hospital 
Jijau Hospital Dhayari,"('18.4425154', '73.8140312')",2.5(8),Hospital 
ANUJA HOSPITAL,"('18.4477847', '73.8106614')",4.1(46),Specialized hospital 
Silver Brich Multispeciality Clinic And Labs,"('18.442152', '73.7991917')",No reviews,General hospital 
SILVER BIRCH MULTISPECIALITY HOSPITAL PVT.LTD.,"('18.4406247', '73.8095129')",3.4(89),Hospital 
jalore hospital,"('18.4472027', '73.810127')",5.0(1),Hospital 
Anmol Multispeciality Clinic Hospital,"('18.442505', '73.8124262')",4.5(50),Hospital 
Dawakhana,"('18.45734', '73.8043984')",No reviews,General hospital 
"SHREE HOSPITAL, NARHE, PUNE","('18.4479025', '73.8289066')",5.0(7),Hospital 
Hospital,"('18.446371', '73.8270458')",No reviews,Hospital 
VIGHNAHARTA HOSPITAL,"('18.4451668', '73.8222607')",4.0(53),Hospital 
Shraddha Clinic,"('18.4442388', '73.8218845')",No reviews,General hospital 
Sharayu Multispeciality Hospital,"('18.4460538', '73.8208708')",4.5(17),Hospital 
Smt. Kashibai Navale Medical College and General Hospital,"('18.4563263', '73.8208408')",3.8(539),General hospital 
"Aadhar Multispeciality Hospital, Narhe Pune","('18.4538431', '73.8276677')",3.6(42),Hospital 
Shrimangal hospital,"('18.4513915', '73.8194894')",3.0(1),Hospital 
"SHREE HOSPITAL, NARHE, PUNE","('18.4479025', '73.8289066')",5.0(7),Hospital 
Hospital,"('18.446371', '73.8270458')",No reviews,Hospital 
sanjivani hospital,"('18.4488137', '73.8417618')",3.6(5),General hospital 
VIGHNAHARTA HOSPITAL,"('18.4451668', '73.8222607')",4.0(53),Hospital 
Shraddha Clinic,"('18.4442388', '73.8218845')",No reviews,General hospital 
Athang Multispecialty Clinic,"('18.4579398', '73.835139')",4.9(7),General hospital 
Smt. Kashibai Navale Medical College and General Hospital,"('18.4563263', '73.8208408')",3.8(539),General hospital 
CHAVAN MULTISPECIALITY HOSPITAL,"('18.4591619', '73.8255178')",4.3(42),Hospital 
Shivprasad Hospital,"('18.4449817', '73.8573752')",No reviews,General hospital 
Mauli Clinic,"('18.4548759', '73.8475692')",No reviews,General hospital 
sanjivani hospital,"('18.4488137', '73.8417618')",3.6(5),General hospital 
"SHIVNERI HOSPITAL. C-1 Building, Manik Moti Co-operative Housing Society, Sr. No. 84, More Baug, Katraj, Pune.","('18.4498698', '73.8578128')",5.0(3),Hospital 
Nirmiti General Hospital,"('18.4556356', '73.8499505')",No reviews,Hospital 
Nirmiti Dawakhana,"('18.452109', '73.8537922')",No reviews,General hospital 
Bharati Hospital,"('18.459349', '73.857241')",3.3(464),General hospital 
Athang Multispecialty Clinic,"('18.4579398', '73.835139')",4.9(7),General hospital 
Shivprasad Hospital,"('18.4449817', '73.8573752')",No reviews,General hospital 
Royal Hospital,"('18.4511608', '73.8576069')",4.7(18),Hospital 
Khetmalas Hospital,"('18.4514213', '73.8580629')",5.0(1),Hospital 
"SHIVNERI HOSPITAL. C-1 Building, Manik Moti Co-operative Housing Society, Sr. No. 84, More Baug, Katraj, Pune.","('18.4498698', '73.8578128')",5.0(3),Hospital 
Nirmiti Dawakhana,"('18.452109', '73.8537922')",No reviews,General hospital 
Sai Sneh Hospital and Diagnostic Center,"('18.4466665', '73.8594718')",4.4(147),Hospital 
Bharati Hospital,"('18.459349', '73.857241')",3.3(464),General hospital 
City Care Hospital,"('18.4440947', '73.8782424')",1.0(1),General hospital 
City Care Hospital,"('18.4440947', '73.8782424')",1.0(1),General hospital 
Vasant More Hospital,"('18.4533297', '73.869781')",4.4(36),Government hospital 
Srishti Hospital,"('18.4489201', '73.8721859')",5.0(1),Hospital 
Prerna Hospital,"('18.4553037', '73.8690416')",3.9(46),Hospital 
KHETMALAS Hospital,"('18.4556438', '73.8765253')",5.0(240),Hospital 
Pune Medical and Research,"('18.4548523', '73.8787862')",5.0(1),Hospital 
Gawali Hospital,"('18.4435667', '73.8814212')",4.3(4),Hospital 
Mixis Multi Specialty Hospital,"('18.4491376', '73.8760855')",3.0(1),Hospital 
City Care Hospital,"('18.4440947', '73.8782424')",1.0(1),General hospital 
Hospital,"('18.4616828', '73.8914483')",4.0(3),Hospital 
Pune Medical and Research,"('18.4548523', '73.8787862')",5.0(1),Hospital 
Satyanand Hospital - Best Elderly Care In Pune,"('18.47072', '73.88869')",4.7(660),General hospital 
Lifeline Hospital,"('18.4723448', '73.8924104')",3.7(112),General hospital 
Shree Cliinic,"('18.4729544', '73.8640168')",No reviews,General hospital 
Aayur Clinic,"('18.461305', '73.8758405')",4.0(3),General hospital 
National Hospital,"('18.4713616', '73.888755')",3.3(48),Hospital 
Dr. Masal Hospital,"('18.4468748', '73.9044479')",4.9(234),Hospital 
Gupta House & Hospital,"('18.4452249', '73.9130842')",No reviews,Hospital 
Hospital,"('18.4616828', '73.8914483')",4.0(3),Hospital 
Chhaaya Hospital,"('18.4684132', '73.9204507')",No reviews,General hospital 
Satyanand Hospital - Best Elderly Care In Pune,"('18.47072', '73.88869')",4.7(660),General hospital 
Lifeline Hospital,"('18.4723448', '73.8924104')",3.7(112),General hospital 
Global Health Care Hospital,"('18.4709905', '73.8867745')",3.3(10),Hospital 
City Care Hospital,"('18.4440947', '73.8782424')",1.0(1),General hospital 
Gupta House & Hospital,"('18.4452249', '73.9130842')",No reviews,Hospital 
Silverline Hospital,"('18.4560527', '73.9332045')",3.7(7),Hospital 
Patil Hospital,"('18.4575799', '73.9336354')",4.8(71),Hospital 
"Precision Plus Superspeciality Hospital | Best Hospital in Undri, Hadapsar, Pune","('18.4560183', '73.9129726')",4.2(10),Hospital 
NIXI HOSPITAL,"('18.457042', '73.9331947')",3.4(44),Hospital 
Chhaaya Hospital,"('18.4684132', '73.9204507')",No reviews,General hospital 
Dr. Masal Hospital,"('18.4468748', '73.9044479')",4.9(234),Hospital 
Dhanwantari Hospital and Critical Care Centre,"('18.4657394', '73.9544047')",4.7(3),General hospital 
Dhanwantari Hospital and Critical Care Centre,"('18.4657394', '73.9544047')",4.7(3),General hospital 
Chhaaya Hospital,"('18.4684132', '73.9204507')",No reviews,General hospital 
Suyash General Hospital,"('18.4652799', '73.9609674')",No reviews,General hospital 
Shri Siddheshwar Hospital,"('18.4644106', '73.9620786')",No reviews,General hospital 
Mohete Parveen Hospital,"('18.4831078', '73.9395503')",No reviews,General hospital 
Bhujbal Hospital,"('18.4826391', '73.9541188')",4.6(21),General hospital 
Vighnaharta Hospital,"('18.4849856', '73.9553749')",3.3(24),General hospital 
Yashasvi Hospital,"('18.4843527', '73.939376')",5.0(21),General hospital 
Dhanwantari Hospital and Critical Care Centre,"('18.4657394', '73.9544047')",4.7(3),General hospital 
Suyash General Hospital,"('18.4652799', '73.9609674')",No reviews,General hospital 
Shri Siddheshwar Hospital,"('18.4644106', '73.9620786')",No reviews,General hospital 
Swami Samarth Maternity And Children'S Hospital,"('18.4595428', '73.9654099')",No reviews,General hospital 
Chhaaya Hospital,"('18.4684132', '73.9204507')",No reviews,General hospital 
Mohete Parveen Hospital,"('18.4831078', '73.9395503')",No reviews,General hospital 
Sampadan Hospital,"('18.4676351', '73.9789745')",No reviews,General hospital 
Vighnaharta Hospital,"('18.4849856', '73.9553749')",3.3(24),General hospital 
Nitya Seva Hospital,"('18.440956', '73.974839')",No reviews,Hospital 
Dhanwantari Hospital and Critical Care Centre,"('18.4657394', '73.9544047')",4.7(3),General hospital 
Suyash General Hospital,"('18.4652799', '73.9609674')",No reviews,General hospital 
Shri Siddheshwar Hospital,"('18.4644106', '73.9620786')",No reviews,General hospital 
VIGHNAHARTA CLINIC,"('18.4405159', '73.9848565')",1.0(1),Private hospital 
Sampadan Hospital,"('18.4676351', '73.9789745')",No reviews,General hospital 
Shreenath Hospital,"('18.4322325', '73.9788109')",3.7(3),Hospital 
Shinde Hospital,"('18.429643', '73.9789114')",5.0(3),Hospital 
Nitya Seva Hospital,"('18.440956', '73.974839')",No reviews,Hospital 
VIGHNAHARTA CLINIC,"('18.4405159', '73.9848565')",1.0(1),Private hospital 
Sampadan Hospital,"('18.4676351', '73.9789745')",No reviews,General hospital 
Shreenath Hospital,"('18.4322325', '73.9788109')",3.7(3),Hospital 
Suyash General Hospital,"('18.4652799', '73.9609674')",No reviews,General hospital 
Dhanwantari Hospital and Critical Care Centre,"('18.4657394', '73.9544047')",4.7(3),General hospital 
Shinde Hospital,"('18.429643', '73.9789114')",5.0(3),Hospital 
Shri Siddheshwar Hospital,"('18.4644106', '73.9620786')",No reviews,General hospital 
Sampadan Hospital,"('18.4676351', '73.9789745')",No reviews,General hospital 
VIGHNAHARTA CLINIC,"('18.4405159', '73.9848565')",1.0(1),Private hospital 
Dhanwantari Hospital and Critical Care Centre,"('18.4657394', '73.9544047')",4.7(3),General hospital 
Suyash General Hospital,"('18.4652799', '73.9609674')",No reviews,General hospital 
Vighnaharta Hospital,"('18.4849856', '73.9553749')",3.3(24),General hospital 
Nitya Seva Hospital,"('18.440956', '73.974839')",No reviews,Hospital 
Shivam Multispeciality & Accident Care Centre Pvt. Ltd.,"('18.4903747', '74.0002244')",4.7(706),General hospital 
Bhujbal Hospital,"('18.4826391', '73.9541188')",4.6(21),General hospital 
Sampadan Hospital,"('18.4676351', '73.9789745')",No reviews,General hospital 
Shivam Multispeciality & Accident Care Centre Pvt. Ltd.,"('18.4903747', '74.0002244')",4.7(706),General hospital 
VishwaRaj Hospital,"('18.4896546', '74.0224807')","4.8(3,590)",Hospital 
Dhanwantari Hospital and Critical Care Centre,"('18.4657394', '73.9544047')",4.7(3),General hospital 
Vighnaharta Hospital,"('18.4849856', '73.9553749')",3.3(24),General hospital 
Swami Samarth Hospital,"('18.4941034', '73.9939946')",3.7(3),Hospital 
Aarya Hospital,"('18.4888143', '74.0534714')",5.0(1),General hospital 
Suyash General Hospital,"('18.4652799', '73.9609674')",No reviews,General hospital 
Aarya Hospital,"('18.4888143', '74.0534714')",5.0(1),General hospital 
VishwaRaj Hospital,"('18.4896546', '74.0224807')","4.8(3,590)",Hospital 
Shivam Multispeciality & Accident Care Centre Pvt. Ltd.,"('18.4903747', '74.0002244')",4.7(706),General hospital 
Sampadan Hospital,"('18.4676351', '73.9789745')",No reviews,General hospital 
Swami Samarth Hospital,"('18.4941034', '73.9939946')",3.7(3),Hospital 
Dhanwantari Hospital and Critical Care Centre,"('18.4657394', '73.9544047')",4.7(3),General hospital 
Suyash General Hospital,"('18.4652799', '73.9609674')",No reviews,General hospital 
Anand Hospital,"('18.4886975', '74.0670668')",4.6(14),Hospital 
Aarya Hospital,"('18.4888143', '74.0534714')",5.0(1),General hospital 
Madhushri Speciality Hospital,"('18.4859175', '74.0176297')",5.0(2),Hospital 
Shivam Multispeciality & Accident Care Centre Pvt. Ltd.,"('18.4903747', '74.0002244')",4.7(706),General hospital 
Sampadan Hospital,"('18.4676351', '73.9789745')",No reviews,General hospital 
Dhanwantari Hospital and Critical Care Centre,"('18.4657394', '73.9544047')",4.7(3),General hospital 
Sayyed Hospital,"('18.5220212', '74.046946')",No reviews,General hospital 
Bhujbal Hospital,"('18.4826391', '73.9541188')",4.6(21),General hospital 
Suyash General Hospital,"('18.4652799', '73.9609674')",No reviews,General hospital 
Aarya Hospital,"('18.4888143', '74.0534714')",5.0(1),General hospital 
Madhushri Speciality Hospital,"('18.4859175', '74.0176297')",5.0(2),Hospital 
Shivam Multispeciality & Accident Care Centre Pvt. Ltd.,"('18.4903747', '74.0002244')",4.7(706),General hospital 
Sayyed Hospital,"('18.5220212', '74.046946')",No reviews,General hospital 
Sampadan Hospital,"('18.4676351', '73.9789745')",No reviews,General hospital 
Dhanwantari Hospital and Critical Care Centre,"('18.4657394', '73.9544047')",4.7(3),General hospital 
Bhujbal Hospital,"('18.4826391', '73.9541188')",4.6(21),General hospital 
Suyash General Hospital,"('18.4652799', '73.9609674')",No reviews,General hospital 
Nagare Nursing Home,"('18.4611943', '73.7732869')",4.6(17),General hospital 
Hospital,"('18.4594465', '73.771586')",3.4(5),Hospital 
Shree Tuljai Clinic,"('18.454831', '73.790002')",No reviews,General hospital 
Ankur Balrugnalay And Polyclinic,"('18.4779396', '73.7982753')",No reviews,General hospital 
Mai Mangeshkar Hospital,"('18.4851876', '73.7997543')",4.1(436),General hospital 
Dawakhana,"('18.45734', '73.8043984')",No reviews,General hospital 
SWAMi SAMARTH clinic,"('18.4767001', '73.7981184')",5.0(5),General hospital 
Silver Brich Multispeciality Clinic And Labs,"('18.442152', '73.7991917')",No reviews,General hospital 
Sinhagad Speciality Hospital,"('18.4542414', '73.7957777')",4.9(8),Hospital 
Shree Tuljai Clinic,"('18.454831', '73.790002')",No reviews,General hospital 
Dawakhana,"('18.45734', '73.8043984')",No reviews,General hospital 
Nagare Nursing Home,"('18.4611943', '73.7732869')",4.6(17),General hospital 
Shreeyash Multi-speciality Hospital,"('18.4451323', '73.7890318')",4.7(36),Hospital 
Hospital,"('18.4594465', '73.771586')",3.4(5),Hospital 
Ankur Balrugnalay And Polyclinic,"('18.4779396', '73.7982753')",No reviews,General hospital 
Ayush Multispeciality Clinic,"('18.4615757', '73.8169099')",No reviews,General hospital 
Dawakhana,"('18.45734', '73.8043984')",No reviews,General hospital 
Sinhagad Speciality Hospital,"('18.4542414', '73.7957777')",4.9(8),Hospital 
Trimurti Hospital,"('18.4620903', '73.81484')",3.5(34),Hospital 
Shatayu Hospital,"('18.4587968', '73.8080519')",4.5(11),Hospital 
Ayush Multispeciality Clinic,"('18.4615757', '73.8169099')",No reviews,General hospital 
Prachiti Hospital,"('18.4571738', '73.8033682')",No reviews,Hospital 
Siddhivinayak | Hospital in Dhayari | Narhe,"('18.4576311', '73.8167582')",4.8(231),Hospital 
Shree Tuljai Clinic,"('18.454831', '73.790002')",No reviews,General hospital 
Ayush Multispeciality Clinic,"('18.4615757', '73.8169099')",No reviews,General hospital 
CHAVAN MULTISPECIALITY HOSPITAL,"('18.4591619', '73.8255178')",4.3(42),Hospital 
MORYA MULTISPECIALITY HOSPITAL,"('18.4643861', '73.815326')","4.7(1,348)",Hospital 
Smt. Kashibai Navale Medical College and General Hospital,"('18.4563263', '73.8208408')",3.8(539),General hospital 
Sparsh hospital,"('18.4546565', '73.8234083')",No reviews,Hospital 
Doctor Neuse Dawakhana,"('18.4643612', '73.8246448')",No reviews,General hospital 
Trimurti Hospital,"('18.4620903', '73.81484')",3.5(34),Hospital 
Siddhivinayak | Hospital in Dhayari | Narhe,"('18.4576311', '73.8167582')",4.8(231),Hospital 
CHAVAN MULTISPECIALITY HOSPITAL,"('18.4591619', '73.8255178')",4.3(42),Hospital 
Athang Multispecialty Clinic,"('18.4579398', '73.835139')",4.9(7),General hospital 
Doctor Neuse Dawakhana,"('18.4643612', '73.8246448')",No reviews,General hospital 
JS HOSPITAL,"('18.4600004', '73.8258693')",4.8(46),Private hospital 
Athang Multispeciality Clinic,"('18.4616017', '73.8358983')",No reviews,Hospital 
Hospital,"('18.4668214', '73.8262267')",3.0(2),Hospital 
"SHREE HOSPITAL, NARHE, PUNE","('18.4479025', '73.8289066')",5.0(7),Hospital 
Smt. Kashibai Navale Medical College and General Hospital,"('18.4563263', '73.8208408')",3.8(539),General hospital 
Bharati Hospital,"('18.459349', '73.857241')",3.3(464),General hospital 
Tejpal Hospital,"('18.4641974', '73.8497286')",3.6(5),Hospital 
Mauli Clinic,"('18.4548759', '73.8475692')",No reviews,General hospital 
Pawar Multispeciality Hospital & Diagnostic Centre Pvt Ltd,"('18.4658543', '73.8600141')",4.3(793),Hospital 
Nirmiti General Hospital,"('18.4556356', '73.8499505')",No reviews,Hospital 
Nirmiti Dawakhana,"('18.452109', '73.8537922')",No reviews,General hospital 
Vimal Nursing Home Multispeciality Hospital,"('18.4676386', '73.8581249')",No reviews,General hospital 
Khondhwa hospital,"('18.4665635', '73.8577917')",No reviews,Hospital 
Bharati Hospital,"('18.459349', '73.857241')",3.3(464),General hospital 
Shreej Hospitals,"('18.4653099', '73.8641411')",5.0(2),Hospital 
Trimal Hospital,"('18.4633769', '73.8652518')",4.3(17),Hospital 
Royal Hospital,"('18.4511608', '73.8576069')",4.7(18),Hospital 
Pawar Multispeciality Hospital & Diagnostic Centre Pvt Ltd,"('18.4658543', '73.8600141')",4.3(793),Hospital 
Khetmalas Hospital,"('18.4514213', '73.8580629')",5.0(1),Hospital 
Parking Bharati Vidyapeeth Hospital,"('18.4582803', '73.8576672')",No reviews,Hospital 
Bhakare Super-speciality Hospital and Research Institute,"('18.457532', '73.867746')",4.7(12),Private hospital 
Pune Medical and Research,"('18.4548523', '73.8787862')",5.0(1),Hospital 
Aayur Clinic,"('18.461305', '73.8758405')",4.0(3),General hospital 
Pune municipality Raja Shivchatrapati Hospital,"('18.4631281', '73.8675194')",3.3(4),Government hospital 
Hospital,"('18.4616828', '73.8914483')",4.0(3),Hospital 
Trimal Hospital,"('18.4633769', '73.8652518')",4.3(17),Hospital 
Satyanand Hospital - Best Elderly Care In Pune,"('18.47072', '73.88869')",4.7(660),General hospital 
Shree Cliinic,"('18.4729544', '73.8640168')",No reviews,General hospital 
Lifeline Hospital,"('18.4723448', '73.8924104')",3.7(112),General hospital 
Hospital,"('18.4616828', '73.8914483')",4.0(3),Hospital 
Care Hospital Multispeciality,"('18.4645803', '73.8907375')",4.7(69),Hospital 
Satyanand Hospital - Best Elderly Care In Pune,"('18.47072', '73.88869')",4.7(660),General hospital 
Global Health Care Hospital,"('18.4709905', '73.8867745')",3.3(10),Hospital 
Lifeline Hospital,"('18.4723448', '73.8924104')",3.7(112),General hospital 
siddiqua hospital,"('18.4709118', '73.8869001')",3.2(5),Hospital 
National Hospital,"('18.4713616', '73.888755')",3.3(48),Hospital 
Sparsh Nursing Institute,"('18.4699906', '73.8892351')",No reviews,General hospital 
Chhaaya Hospital,"('18.4684132', '73.9204507')",No reviews,General hospital 
Lifeline Hospital,"('18.4723448', '73.8924104')",3.7(112),General hospital 
Satyanand Hospital - Best Elderly Care In Pune,"('18.47072', '73.88869')",4.7(660),General hospital 
Hospital,"('18.4616828', '73.8914483')",4.0(3),Hospital 
Welfare Multispeciality Hospital,"('18.4721264', '73.8888673')",4.4(133),Specialized hospital 
Sparsh Nursing Institute,"('18.4699906', '73.8892351')",No reviews,General hospital 
City Care Hospital,"('18.4440947', '73.8782424')",1.0(1),General hospital 
Mohete Parveen Hospital,"('18.4831078', '73.9395503')",No reviews,General hospital 
Chhaaya Hospital,"('18.4684132', '73.9204507')",No reviews,General hospital 
Shri Vishwaswaran. Ayurveda Va Panchakarma Chikitsalaya,"('18.4658999', '73.9340859')",No reviews,General hospital 
Mohete Parveen Hospital,"('18.4831078', '73.9395503')",No reviews,General hospital 
Dhanwantari Hospital and Critical Care Centre,"('18.4657394', '73.9544047')",4.7(3),General hospital 
Dr. Masal Hospital,"('18.4468748', '73.9044479')",4.9(234),Hospital 
Yashasvi Hospital,"('18.4843527', '73.939376')",5.0(21),General hospital 
Lifeline Hospital,"('18.4723448', '73.8924104')",3.7(112),General hospital 
Satyanand Hospital - Best Elderly Care In Pune,"('18.47072', '73.88869')",4.7(660),General hospital 
NIXI HOSPITAL,"('18.457042', '73.9331947')",3.4(44),Hospital 
Dhanwantari Hospital and Critical Care Centre,"('18.4657394', '73.9544047')",4.7(3),General hospital 
Chhaaya Hospital,"('18.4684132', '73.9204507')",No reviews,General hospital 
Shri Vishwaswaran. Ayurveda Va Panchakarma Chikitsalaya,"('18.4658999', '73.9340859')",No reviews,General hospital 
Suyash General Hospital,"('18.4652799', '73.9609674')",No reviews,General hospital 
Mohete Parveen Hospital,"('18.4831078', '73.9395503')",No reviews,General hospital 
Bhujbal Hospital,"('18.4826391', '73.9541188')",4.6(21),General hospital 
Vighnaharta Hospital,"('18.4849856', '73.9553749')",3.3(24),General hospital 
Dhanwantari Hospital and Critical Care Centre,"('18.4657394', '73.9544047')",4.7(3),General hospital 
Suyash General Hospital,"('18.4652799', '73.9609674')",No reviews,General hospital 
Shri Siddheshwar Hospital,"('18.4644106', '73.9620786')",No reviews,General hospital 
Swami Samarth Maternity And Children'S Hospital,"('18.4595428', '73.9654099')",No reviews,General hospital 
Mohete Parveen Hospital,"('18.4831078', '73.9395503')",No reviews,General hospital 
Bhujbal Hospital,"('18.4826391', '73.9541188')",4.6(21),General hospital 
Vighnaharta Hospital,"('18.4849856', '73.9553749')",3.3(24),General hospital 
Yashasvi Hospital,"('18.4843527', '73.939376')",5.0(21),General hospital 
Suyash General Hospital,"('18.4652799', '73.9609674')",No reviews,General hospital 
Shri Siddheshwar Hospital,"('18.4644106', '73.9620786')",No reviews,General hospital 
Dhanwantari Hospital and Critical Care Centre,"('18.4657394', '73.9544047')",4.7(3),General hospital 
Sampadan Hospital,"('18.4676351', '73.9789745')",No reviews,General hospital 
Swami Samarth Maternity And Children'S Hospital,"('18.4595428', '73.9654099')",No reviews,General hospital 
Fursungi Old Zp Hospital,"('18.4718865', '73.9780119')",2.0(2),Hospital 
Public Civil Hospital,"('18.4738763', '73.9761745')",4.8(12),Hospital 
Bhujbal Hospital,"('18.4826391', '73.9541188')",4.6(21),General hospital 
Sampadan Hospital,"('18.4676351', '73.9789745')",No reviews,General hospital 
Suyash General Hospital,"('18.4652799', '73.9609674')",No reviews,General hospital 
Fursungi Old Zp Hospital,"('18.4718865', '73.9780119')",2.0(2),Hospital 
Public Civil Hospital,"('18.4738763', '73.9761745')",4.8(12),Hospital 
Dhanwantari Hospital and Critical Care Centre,"('18.4657394', '73.9544047')",4.7(3),General hospital 
Shri Siddheshwar Hospital,"('18.4644106', '73.9620786')",No reviews,General hospital 
Vighnaharta Hospital,"('18.4849856', '73.9553749')",3.3(24),General hospital 
Bhujbal Hospital,"('18.4826391', '73.9541188')",4.6(21),General hospital 
Yashorahi multispecialist hospital,"('18.4680985', '73.7847386')",3.6(24),"Hospital
098230 9032"
Nagare Nursing Home,"('18.4611943', '73.7732869')",4.6(17),General hospital 
Siddhivinayak General Hospital,"('18.4662018', '73.7769119')",4.3(4),Hospital 
MINERVA HOSPITAL,"('18.4657102', '73.7770871')",4.3(41),Hospital 
Lifeline Hospital,"('18.4665568', '73.7780381')",4.1(9),Private hospital 
Sushrut Hospital,"('18.4674487', '73.7846245')",No reviews,Hospital 
Minkha Hospital,"('18.4647757', '73.7754687')",No reviews,Hospital 
Hospital,"('18.4594465', '73.771586')",3.4(5),Hospital 
Yashorahi multispecialist hospital,"('18.4680985', '73.7847386')",3.6(24),"Hospital
098230 9032"
Lifeline Hospital,"('18.4665568', '73.7780381')",4.1(9),Private hospital 
"Shree Hospital, Warje","('18.4768363', '73.7973078')",4.3(16),Hospital 
Late Pruthak Barate Diapencery Gov. Hospital,"('18.4752297', '73.7975424')",3.2(16),Hospital 
Sushrut Hospital,"('18.4674487', '73.7846245')",No reviews,Hospital 
Siddhivinayak General Hospital,"('18.4662018', '73.7769119')",4.3(4),Hospital 
SWAMi SAMARTH clinic,"('18.4767001', '73.7981184')",5.0(5),General hospital 
Ankur Balrugnalay And Polyclinic,"('18.4779396', '73.7982753')",No reviews,General hospital 
Trimurti Hospital,"('18.4620903', '73.81484')",3.5(34),Hospital 
Ayush Multispeciality Clinic,"('18.4615757', '73.8169099')",No reviews,General hospital 
SWAMi SAMARTH clinic,"('18.4767001', '73.7981184')",5.0(5),General hospital 
Ankur Balrugnalay And Polyclinic,"('18.4779396', '73.7982753')",No reviews,General hospital 
Shree Accident And Maternity Hospital,"('18.4768963', '73.797287')",3.0(2),Hospital 
Hospitals,"('18.477593', '73.795031')",No reviews,Medical clinic 
Dawakhana,"('18.45734', '73.8043984')",No reviews,General hospital 
Siddhivinayak | Hospital in Dhayari | Narhe,"('18.4576311', '73.8167582')",4.8(231),Hospital 
Ayush Multispeciality Clinic,"('18.4615757', '73.8169099')",No reviews,General hospital 
MORYA MULTISPECIALITY HOSPITAL,"('18.4643861', '73.815326')","4.7(1,348)",Hospital 
Hospital,"('18.4668214', '73.8262267')",3.0(2),Hospital 
Doctor Neuse Dawakhana,"('18.4643612', '73.8246448')",No reviews,General hospital 
Trimurti Hospital,"('18.4620903', '73.81484')",3.5(34),Hospital 
Shinde Hospital,"('18.4625648', '73.8144142')",4.6(20),Hospital 
Sharad Hospital,"('18.4684268', '73.8188783')",4.5(356),Hospital 
CHAVAN MULTISPECIALITY HOSPITAL,"('18.4591619', '73.8255178')",4.3(42),Hospital 
Hospital,"('18.4668214', '73.8262267')",3.0(2),Hospital 
Doctor Neuse Dawakhana,"('18.4643612', '73.8246448')",No reviews,General hospital 
Athang Multispeciality Clinic,"('18.4616017', '73.8358983')",No reviews,Hospital 
CHAVAN MULTISPECIALITY HOSPITAL,"('18.4591619', '73.8255178')",4.3(42),Hospital 
JS HOSPITAL,"('18.4600004', '73.8258693')",4.8(46),Private hospital 
Athang Multispecialty Clinic,"('18.4579398', '73.835139')",4.9(7),General hospital 
"Pulse Multispeciality Hospital - General Surgery in Narhe | Diabetologist, Orthopedic, Gynaecologist In Narhe, Sinhagad Road","('18.4594198', '73.823351')",4.0(152),Hospital 
NF Hospital Site,"('18.4600888', '73.8221718')",No reviews,Hospital 
Tejpal Hospital,"('18.4641974', '73.8497286')",3.6(5),Hospital 
Vimal Nursing Home Multispeciality Hospital,"('18.4676386', '73.8581249')",No reviews,General hospital 
Shatayu Hospital,"('18.4664275', '73.8577453')",4.3(61),Hospital 
Bharati Hospital,"('18.459349', '73.857241')",3.3(464),General hospital 
Bharti Hospital Katraj,"('18.4597075', '73.8570709')",3.6(49),Hospital 
Shivshankar Pote Hospital,"('18.4765237', '73.8560344')",4.3(66),General hospital 
DHANASHCHANDRA CLINIC,"('18.4628468', '73.8566794')",5.0(1),Private hospital 
Shree Cliinic,"('18.4729544', '73.8640168')",No reviews,General hospital 
Shree Cliinic,"('18.4729544', '73.8640168')",No reviews,General hospital 
Vimal Nursing Home Multispeciality Hospital,"('18.4676386', '73.8581249')",No reviews,General hospital 
Shreej Hospitals,"('18.4653099', '73.8641411')",5.0(2),Hospital 
Trimal Hospital,"('18.4633769', '73.8652518')",4.3(17),Hospital 
Shatayu Hospital,"('18.4664275', '73.8577453')",4.3(61),Hospital 
Sangam Hospital - Bibwewadi,"('18.4757074', '73.8578394')",4.7(164),Hospital 
Pawar Multispeciality Hospital & Diagnostic Centre Pvt Ltd,"('18.4658543', '73.8600141')",4.3(793),Hospital 
Dermalile,"('18.4710818', '73.8634364')",No reviews,General hospital 
Satyanand Hospital - Best Elderly Care In Pune,"('18.47072', '73.88869')",4.7(660),General hospital 
Welfare Multispeciality Hospital,"('18.4721264', '73.8888673')",4.4(133),Specialized hospital 
National Hospital,"('18.4713616', '73.888755')",3.3(48),Hospital 
siddiqua hospital,"('18.4709118', '73.8869001')",3.2(5),Hospital 
Om Hospital in pune,"('18.4746293', '73.8845024')",4.0(14),Hospital 
Sparsh Nursing Institute,"('18.4699906', '73.8892351')",No reviews,General hospital 
Dr.Sarwat Memorial Hospital,"('18.4705643', '73.887776')",4.8(139),Hospital 
Wankhede Hospital,"('18.4724256', '73.8889206')",3.0(5),Hospital 
Satyanand Hospital - Best Elderly Care In Pune,"('18.47072', '73.88869')",4.7(660),General hospital 
Lifeline Hospital,"('18.4723448', '73.8924104')",3.7(112),General hospital 
Global Health Care Hospital,"('18.4709905', '73.8867745')",3.3(10),Hospital 
Welfare Multispeciality Hospital,"('18.4721264', '73.8888673')",4.4(133),Specialized hospital 
National Hospital,"('18.4713616', '73.888755')",3.3(48),Hospital 
siddiqua hospital,"('18.4709118', '73.8869001')",3.2(5),Hospital 
Hospital,"('18.4616828', '73.8914483')",4.0(3),Hospital 
Care Hospital Multispeciality,"('18.4645803', '73.8907375')",4.7(69),Hospital 
Chhaaya Hospital,"('18.4684132', '73.9204507')",No reviews,General hospital 
Lifeline Hospital,"('18.4723448', '73.8924104')",3.7(112),General hospital 
Satyanand Hospital - Best Elderly Care In Pune,"('18.47072', '73.88869')",4.7(660),General hospital 
Hospital,"('18.4616828', '73.8914483')",4.0(3),Hospital 
Welfare Multispeciality Hospital,"('18.4721264', '73.8888673')",4.4(133),Specialized hospital 
Sparsh Nursing Institute,"('18.4699906', '73.8892351')",No reviews,General hospital 
Vishram Point,"('18.4928983', '73.90312')",No reviews,General hospital 
Mohete Parveen Hospital,"('18.4831078', '73.9395503')",No reviews,General hospital 
Chhaaya Hospital,"('18.4684132', '73.9204507')",No reviews,General hospital 
Vighnaharta Hospital,"('18.4614099', '73.9139841')",No reviews,Hospital 
"Aadhar Hospital, Satav nagar , Handewadi road, Hadapsar, Pune","('18.4752637', '73.9315265')",3.7(97),Private hospital 
Londhe Hospital,"('18.476833', '73.9258553')",4.6(14),Private hospital 
"Kalpataru Hospital, Undri. Day care","('18.4591313', '73.9120904')",3.7(3),Private hospital 
Patil Hospital,"('18.4575799', '73.9336354')",4.8(71),Hospital 
Late Dashrath Baliram Bhangire Dispensary,"('18.4673673', '73.9201026')",3.8(27),Government hospital 
Mohete Parveen Hospital,"('18.4831078', '73.9395503')",No reviews,General hospital 
"Aadhar Hospital, Satav nagar , Handewadi road, Hadapsar, Pune","('18.4752637', '73.9315265')",3.7(97),Private hospital 
Dhanwantari Hospital and Critical Care Centre,"('18.4657394', '73.9544047')",4.7(3),General hospital 
Mohete Parveen Hospital,"('18.4831078', '73.9395503')",No reviews,General hospital 
Chhaaya Hospital,"('18.4684132', '73.9204507')",No reviews,General hospital 
Bhujbal Hospital,"('18.4826391', '73.9541188')",4.6(21),General hospital 
H3 HOSPITAL|Multispeciality Hospital |bhekrai nagar|Pune,"('18.4809576', '73.9534825')",4.5(77),Hospital 
Yashasvi Hospital,"('18.4843527', '73.939376')",5.0(21),General hospital 
Vighnaharta Hospital,"('18.4849856', '73.9553749')",3.3(24),General hospital 
Dhanwantari Hospital and Critical Care Centre,"('18.4657394', '73.9544047')",4.7(3),General hospital 
Suyash General Hospital,"('18.4652799', '73.9609674')",No reviews,General hospital 
Shri Siddheshwar Hospital,"('18.4644106', '73.9620786')",No reviews,General hospital 
H3 HOSPITAL|Multispeciality Hospital |bhekrai nagar|Pune,"('18.4809576', '73.9534825')",4.5(77),Hospital 
Bhujbal Hospital,"('18.4826391', '73.9541188')",4.6(21),General hospital 
Mohete Parveen Hospital,"('18.4831078', '73.9395503')",No reviews,General hospital 
Vighnaharta Hospital,"('18.4849856', '73.9553749')",3.3(24),General hospital 
Yashasvi Hospital,"('18.4843527', '73.939376')",5.0(21),General hospital 
Suyash General Hospital,"('18.4652799', '73.9609674')",No reviews,General hospital 
Sampadan Hospital,"('18.4676351', '73.9789745')",No reviews,General hospital 
Shri Siddheshwar Hospital,"('18.4644106', '73.9620786')",No reviews,General hospital 
Public Civil Hospital,"('18.4738763', '73.9761745')",4.8(12),Hospital 
Fursungi Old Zp Hospital,"('18.4718865', '73.9780119')",2.0(2),Hospital 
Dhanwantari Hospital and Critical Care Centre,"('18.4657394', '73.9544047')",4.7(3),General hospital 
Bhujbal Hospital,"('18.4826391', '73.9541188')",4.6(21),General hospital 
Vighnaharta Hospital,"('18.4849856', '73.9553749')",3.3(24),General hospital 
Sampadan Hospital,"('18.4676351', '73.9789745')",No reviews,General hospital 
Public Civil Hospital,"('18.4738763', '73.9761745')",4.8(12),Hospital 
Fursungi Old Zp Hospital,"('18.4718865', '73.9780119')",2.0(2),Hospital 
Suyash General Hospital,"('18.4652799', '73.9609674')",No reviews,General hospital 
Dhanwantari Hospital and Critical Care Centre,"('18.4657394', '73.9544047')",4.7(3),General hospital 
Vighnaharta Hospital,"('18.4849856', '73.9553749')",3.3(24),General hospital 
Shri Siddheshwar Hospital,"('18.4644106', '73.9620786')",No reviews,General hospital 
Bhujbal Hospital,"('18.4826391', '73.9541188')",4.6(21),General hospital 
Mai Mangeshkar Hospital,"('18.4851876', '73.7997543')",4.1(436),General hospital 
Nagare Nursing Home,"('18.4611943', '73.7732869')",4.6(17),General hospital 
Ankur Balrugnalay And Polyclinic,"('18.4779396', '73.7982753')",No reviews,General hospital 
City Hospital,"('18.5072286', '73.7997657')",3.4(29),General hospital 
Ashwini Hospital,"('18.5057614', '73.7711821')",No reviews,General hospital 
Sutar Hospital,"('18.5036787', '73.8077848')",3.6(159),General hospital 
Dr. Pooja Kulkarni,"('18.4779396', '73.7982753')",No reviews,General hospital 
SWAMi SAMARTH clinic,"('18.4767001', '73.7981184')",5.0(5),General hospital 
Mai Mangeshkar Hospital,"('18.4851876', '73.7997543')",4.1(436),General hospital 
Ankur Balrugnalay And Polyclinic,"('18.4779396', '73.7982753')",No reviews,General hospital 
"Shree Hospital, Warje","('18.4768363', '73.7973078')",4.3(16),Hospital 
Chaitanya Hospital,"('18.4779456', '73.7978537')",3.9(54),Children's hospital 
Anand Hospital,"('18.4809366', '73.7999075')",4.9(23),Hospital 
SWAMi SAMARTH clinic,"('18.4767001', '73.7981184')",5.0(5),General hospital 
Hospitals,"('18.477593', '73.795031')",No reviews,Medical clinic 
Shree Accident And Maternity Hospital,"('18.4768963', '73.797287')",3.0(2),Hospital 
Mai Mangeshkar Hospital,"('18.4851876', '73.7997543')",4.1(436),General hospital 
Kulkarni hospital and diagnostic centre,"('18.4846733', '73.8094545')",4.1(38),General hospital 
Ankur Balrugnalay And Polyclinic,"('18.4779396', '73.7982753')",No reviews,General hospital 
"Shree Hospital, Warje","('18.4768363', '73.7973078')",4.3(16),Hospital 
SAMARTH HOSPITAL,"('18.4852251', '73.8012369')",5.0(20),Private hospital 
Sai Hospital,"('18.4806393', '73.804916')",4.6(12),Hospital 
Anand Hospital,"('18.4809366', '73.7999075')",4.9(23),Hospital 
Chaitanya Hospital,"('18.4779456', '73.7978537')",3.9(54),Children's hospital 
Kulkarni hospital and diagnostic centre,"('18.4846733', '73.8094545')",4.1(38),General hospital 
Prachiti Hospital & Research Centre,"('18.4793091', '73.8247623')",3.7(3),Hospital 
Hospital,"('18.4840198', '73.8121214')",No reviews,Medical clinic 
Saikrupa Clinic,"('18.4830982', '73.8070065')",5.0(4),General hospital 
Sanjeevani Clinic Dr.Poman Dipak,"('18.4706216', '73.8244941')",5.0(85),General hospital 
Ajaya Hospital,"('18.4873408', '73.8196566')",No reviews,Hospital 
Hospital,"('18.4668214', '73.8262267')",3.0(2),Hospital 
Doctor Keerthi Sheth,"('18.482885', '73.829283')",No reviews,Medical clinic 
Prachiti Hospital & Research Centre,"('18.4793091', '73.8247623')",3.7(3),Hospital 
Shraddha Hospital,"('18.4909427', '73.8459266')",4.1(21),General hospital 
Sanjeevani Clinic Dr.Poman Dipak,"('18.4706216', '73.8244941')",5.0(85),General hospital 
Hospital,"('18.4668214', '73.8262267')",3.0(2),Hospital 
Doctor Keerthi Sheth,"('18.482885', '73.829283')",No reviews,Medical clinic 
Mahajan Multispeciality Hospital,"('18.4839676', '73.8569596')",3.9(22),General hospital 
Tejpal Hospital,"('18.4641974', '73.8497286')",3.6(5),Hospital 
Ayush Multispeciality Clinic,"('18.4615757', '73.8169099')",No reviews,General hospital 
Mahajan Multispeciality Hospital,"('18.4839676', '73.8569596')",3.9(22),General hospital 
Shivshankar Pote Hospital,"('18.4765237', '73.8560344')",4.3(66),General hospital 
Chandralok Hospital,"('18.4803162', '73.8610096')",3.6(51),General hospital 
Shree Cliinic,"('18.4729544', '73.8640168')",No reviews,General hospital 
Sahyadri Hospital Bibwewadi,"('18.4781619', '73.8620657')",4.1(474),General hospital 
Vimal Nursing Home Multispeciality Hospital,"('18.4676386', '73.8581249')",No reviews,General hospital 
Shraddha Hospital,"('18.4909427', '73.8459266')",4.1(21),General hospital 
Kothari Orthopaedic Hospital,"('18.4891392', '73.8571988')",3.7(85),General hospital 
Shree Cliinic,"('18.4729544', '73.8640168')",No reviews,General hospital 
Mahajan Multispeciality Hospital,"('18.4839676', '73.8569596')",3.9(22),General hospital 
Chandralok Hospital,"('18.4803162', '73.8610096')",3.6(51),General hospital 
Sahyadri Hospital Bibwewadi,"('18.4781619', '73.8620657')",4.1(474),General hospital 
Shivshankar Pote Hospital,"('18.4765237', '73.8560344')",4.3(66),General hospital 
Dr Sayali Khinvsara,"('18.4775536', '73.8735905')",5.0(1),General hospital 
Sangam Hospital - Bibwewadi,"('18.4757074', '73.8578394')",4.7(164),Hospital 
Suraj Hospital - Best Multispeciality Hospital in Pune | Gynecology/Orthopedic/Spine,"('18.4810936', '73.8725346')",4.2(38),Hospital 
Satyanand Hospital - Best Elderly Care In Pune,"('18.47072', '73.88869')",4.7(660),General hospital 
Global Health Care Hospital,"('18.4709905', '73.8867745')",3.3(10),Hospital 
Welfare Multispeciality Hospital,"('18.4721264', '73.8888673')",4.4(133),Specialized hospital 
National Hospital,"('18.4713616', '73.888755')",3.3(48),Hospital 
siddiqua hospital,"('18.4709118', '73.8869001')",3.2(5),Hospital 
Om Hospital in pune,"('18.4746293', '73.8845024')",4.0(14),Hospital 
Government Hospital Kondhwa,"('18.4739478', '73.8891353')",4.1(7),Hospital 
Dr Sayali Khinvsara,"('18.4775536', '73.8735905')",5.0(1),General hospital 
Satyanand Hospital - Best Elderly Care In Pune,"('18.47072', '73.88869')",4.7(660),General hospital 
Lifeline Hospital,"('18.4723448', '73.8924104')",3.7(112),General hospital 
Global Health Care Hospital,"('18.4709905', '73.8867745')",3.3(10),Hospital 
Welfare Multispeciality Hospital,"('18.4721264', '73.8888673')",4.4(133),Specialized hospital 
National Hospital,"('18.4713616', '73.888755')",3.3(48),Hospital 
siddiqua hospital,"('18.4709118', '73.8869001')",3.2(5),Hospital 
laproscopy hospital,"('18.4770906', '73.8906869')",No reviews,Hospita
Sana Hospital,"('18.4733471', '73.8913772')",4.2(142),Hospital 
Sana Hospital,"('18.4708636', '73.9006521')",4.5(29),Hospital 
Chhaaya Hospital,"('18.4684132', '73.9204507')",No reviews,General hospital 
Lifeline Hospital,"('18.4723448', '73.8924104')",3.7(112),General hospital 
Vishram Point,"('18.4928983', '73.90312')",No reviews,General hospital 
Satyanand Hospital - Best Elderly Care In Pune,"('18.47072', '73.88869')",4.7(660),General hospital 
laproscopy hospital,"('18.4770906', '73.8906869')",No reviews,Hospita
Global Health Care Hospital,"('18.4709905', '73.8867745')",3.3(10),Hospital 
Londhe Hospital,"('18.476833', '73.9258553')",4.6(14),Private hospital 
Londhe Hospital,"('18.476833', '73.9258553')",4.6(14),Private hospital 
Kamal Hospital,"('18.4845498', '73.9312907')",No reviews,Hospital 
Chhaaya Hospital,"('18.4684132', '73.9204507')",No reviews,General hospital 
Mohete Parveen Hospital,"('18.4831078', '73.9395503')",No reviews,General hospital 
Yashasvi Hospital,"('18.4843527', '73.939376')",5.0(21),General hospital 
Life Care Multispecality Hospital,"('18.4910958', '73.936455')",3.5(39),General hospital 
Chhaya Hospital ( Maternity & Fertility Centre,"('18.4684736', '73.9204785')",4.9(34),Hospital 
Pearl hospital and research center,"('18.4895937', '73.9308946')",3.3(3),Hospital 
Mohete Parveen Hospital,"('18.4831078', '73.9395503')",No reviews,General hospital 
Yashasvi Hospital,"('18.4843527', '73.939376')",5.0(21),General hospital 
Bhujbal Hospital,"('18.4826391', '73.9541188')",4.6(21),General hospital 
Vighnaharta Hospital,"('18.4849856', '73.9553749')",3.3(24),General hospital 
Life Care Multispecality Hospital,"('18.4910958', '73.936455')",3.5(39),General hospital 
Dhanwantari Hospital and Critical Care Centre,"('18.4657394', '73.9544047')",4.7(3),General hospital 
Chhaaya Hospital,"('18.4684132', '73.9204507')",No reviews,General hospital 
Kunal Nisargopachar Kendra,"('18.4888995', '73.9484918')",No reviews,General hospital 
Vighnaharta Hospital,"('18.4849856', '73.9553749')",3.3(24),General hospital 
Bhujbal Hospital,"('18.4826391', '73.9541188')",4.6(21),General hospital 
H3 HOSPITAL|Multispeciality Hospital |bhekrai nagar|Pune,"('18.4809576', '73.9534825')",4.5(77),Hospital 
Shrinath Hospital,"('18.4838635', '73.9566125')",No reviews,General hospital 
Abhinya Clinic,"('18.485758', '73.9548659')",No reviews,General hospital 
Moraya Hospital,"('18.481901', '73.951285')",4.2(21),Hospital 
Deogiri Hospital,"('18.479684', '73.9559549')",3.0(2),Hospital 
Ladkat Hospital,"('18.482063', '73.9491798')",No reviews,Hospital 
Public Civil Hospital,"('18.4738763', '73.9761745')",4.8(12),Hospital 
Fursungi Old Zp Hospital,"('18.4718865', '73.9780119')",2.0(2),Hospital 
Vighnaharta Hospital,"('18.4849856', '73.9553749')",3.3(24),General hospital 
Shrinath Hospital,"('18.4838635', '73.9566125')",No reviews,General hospital 
Bhujbal Hospital,"('18.4826391', '73.9541188')",4.6(21),General hospital 
SHARADA HOSPITAL,"('18.4820346', '73.9541952')",4.2(13),Hospital 
Dhanwantari Hospital and Critical Care Centre,"('18.4657394', '73.9544047')",4.7(3),General hospital 
Sampadan Hospital,"('18.4676351', '73.9789745')",No reviews,General hospital 
Public Civil Hospital,"('18.4738763', '73.9761745')",4.8(12),Hospital 
Fursungi Old Zp Hospital,"('18.4718865', '73.9780119')",2.0(2),Hospital 
Sampadan Hospital,"('18.4676351', '73.9789745')",No reviews,General hospital 
Shivam Multispeciality & Accident Care Centre Pvt. Ltd.,"('18.4903747', '74.0002244')",4.7(706),General hospital 
Vighnaharta Hospital,"('18.4849856', '73.9553749')",3.3(24),General hospital 
Suyash General Hospital,"('18.4652799', '73.9609674')",No reviews,General hospital 
Dhanwantari Hospital and Critical Care Centre,"('18.4657394', '73.9544047')",4.7(3),General hospital 
Bhujbal Hospital,"('18.4826391', '73.9541188')",4.6(21),General hospital 
Shatabdi Hospital,"('18.4930107', '73.780877')",No reviews,Hospital 
Ashwini Hospital,"('18.5057614', '73.7711821')",No reviews,General hospital 
City Hospital,"('18.5072286', '73.7997657')",3.4(29),General hospital 
Mai Mangeshkar Hospital,"('18.4851876', '73.7997543')",4.1(436),General hospital 
Borse Nursing Home,"('18.5088117', '73.7904164')",No reviews,General hospital 
"Shree Hospital, Warje","('18.4768363', '73.7973078')",4.3(16),Hospital 
Sutar Hospital,"('18.5036787', '73.8077848')",3.6(159),General hospital 
Ankur Balrugnalay And Polyclinic,"('18.4779396', '73.7982753')",No reviews,General hospital 
Mai Mangeshkar Hospital,"('18.4851876', '73.7997543')",4.1(436),General hospital 
Shatabdi Hospital,"('18.4930107', '73.780877')",No reviews,Hospital 
Anand Hospital,"('18.4809366', '73.7999075')",4.9(23),Hospital 
Lodha Hospital and Maternity,"('18.4850367', '73.7987484')",No reviews,Maternity Centre 
PMC NEW HOSPITAL WARJE,"('18.4834939', '73.7926235')",3.9(9),Hospital 
Lodha Hospital & Prasuti Grah,"('18.483509', '73.8003896')",4.0(14),Hospital 
Vinayak LAPAROSCOPY Hospital,"('18.4859201', '73.7967833')",4.6(15),Private hospital 
SAMARTH HOSPITAL,"('18.4852251', '73.8012369')",5.0(20),Private hospital 
Shashwat Hospital Kothrud,"('18.4947751', '73.8135445')",3.0(192),General hospital 
Deoyani Multi Speciality Hospital,"('18.495911', '73.8122705')",3.7(189),General hospital 
Mai Mangeshkar Hospital,"('18.4851876', '73.7997543')",4.1(436),General hospital 
Kulkarni hospital and diagnostic centre,"('18.4846733', '73.8094545')",4.1(38),General hospital 
SAMARTH HOSPITAL,"('18.4852251', '73.8012369')",5.0(20),Private hospital 
Sai Hospital,"('18.4806393', '73.804916')",4.6(12),Hospital 
Saikrupa Clinic,"('18.4830982', '73.8070065')",5.0(4),General hospital 
Borikar Multi Speciality Hospital,"('18.4828963', '73.8088934')",5.0(1),Hospital 
Shashwat Hospital Kothrud,"('18.4947751', '73.8135445')",3.0(192),General hospital 
Deoyani Multi Speciality Hospital,"('18.495911', '73.8122705')",3.7(189),General hospital 
Kulkarni hospital and diagnostic centre,"('18.4846733', '73.8094545')",4.1(38),General hospital 
KERKAL HOSPITAL,"('18.4893731', '73.8208437')",No reviews,Hospital 
Dr. Kadam,"('18.4902961', '73.8211866')",3.8(5),General hospital 
Ajaya Hospital,"('18.4873408', '73.8196566')",No reviews,Hospital 
Sahawas Hospital,"('18.4956447', '73.8207462')",4.1(34),Hospital 
Hospital,"('18.4840198', '73.8121214')",No reviews,Medical clinic 
Global Hospital- Laparoscopy hospital in Pune,"('18.4938725', '73.8329745')",5.0(2),Hospital 
Shraddha Hospital,"('18.4909427', '73.8459266')",4.1(21),General hospital 
Anup Hospital,"('18.4987391', '73.8383157')",4.6(12),Hospital 
Deenanath Mangeshkar Hospital and Research Center,"('18.5020467', '73.8322305')","4.0(2,056)",General hospital 
Prachiti Hospital & Research Centre,"('18.4793091', '73.8247623')",3.7(3),Hospital 
KERKAL HOSPITAL,"('18.4893731', '73.8208437')",No reviews,Hospital 
Global Hospital & Research Institute,"('18.5013183', '73.8410225')",4.3(393),General hospital 
Dr. Kadam,"('18.4902961', '73.8211866')",3.8(5),General hospital 
Mahajan Multispeciality Hospital,"('18.4839676', '73.8569596')",3.9(22),General hospital 
Shraddha Hospital,"('18.4909427', '73.8459266')",4.1(21),General hospital 
Sampadan Hospital,"('18.4917841', '73.857137')",No reviews,Hospital 
Kothari Orthopaedic Hospital,"('18.4891392', '73.8571988')",3.7(85),General hospital 
वसुंधरा मल्टीस्पेशालिटी हॉस्पिटल,"('18.4930694', '73.8498767')",5.0(18),Hospital 
Ranka Hospital,"('18.4949949', '73.8617867')",4.3(388),General hospital 
Joshi Hospital,"('18.4964031', '73.8587384')",5.0(4),Maternity Centre 
Chandralok Hospital,"('18.4803162', '73.8610096')",3.6(51),General hospital 
Ranka Hospital,"('18.4949949', '73.8617867')",4.3(388),General hospital 
Pune Adventist Hospital,"('18.4919769', '73.8709658')",3.9(114),General hospital 
Mahajan Multispeciality Hospital,"('18.4839676', '73.8569596')",3.9(22),General hospital 
Dr. Baba Saheb Ambedkar Hospital,"('18.496224', '73.8702245')",4.1(11),General hospital 
Chandralok Hospital,"('18.4803162', '73.8610096')",3.6(51),General hospital 
Sampadan Hospital,"('18.4917841', '73.857137')",No reviews,Hospital 
Kothari Orthopaedic Hospital,"('18.4891392', '73.8571988')",3.7(85),General hospital 
Sidharth Hospital,"('18.4897305', '73.8681816')",3.5(4),Hospital 
Pune Adventist Hospital,"('18.4919769', '73.8709658')",3.9(114),General hospital 
Dr. Baba Saheb Ambedkar Hospital,"('18.496224', '73.8702245')",4.1(11),General hospital 
Suraj Hospital - Best Multispeciality Hospital in Pune | Gynecology/Orthopedic/Spine,"('18.4810936', '73.8725346')",4.2(38),Hospital 
liprisy hospital,"('18.4850099', '73.8895988')",No reviews,Hospital 
Anand Hospital,"('18.4886766', '73.8801301')",No reviews,Hospital 
Ranka Hospital,"('18.4949949', '73.8617867')",4.3(388),General hospital 
Pune Cantonment Hospital,"('18.5022073', '73.879299')",No reviews,Hospital 
Shree Cliinic,"('18.4729544', '73.8640168')",No reviews,General hospital 
Vishram Point,"('18.4928983', '73.90312')",No reviews,General hospital 
Kamal Hospital,"('18.4944815', '73.9025131')",4.6(25),Hospital 
liprisy hospital,"('18.4850099', '73.8895988')",No reviews,Hospital 
Kamal Nursing & Maternity Hospital,"('18.4920163', '73.9002105')",4.0(4),Maternity Centre 
Ayodhya Charitable Trust,"('18.492502', '73.90376')",4.2(20),General hospital 
ARCUS HOSPITAL,"('18.4883101', '73.8992013')",No reviews,Hospital 
HOSPITAL GAYAKWAD,"('18.4963564', '73.8979151')",No reviews,Hospital 
Pune Cantonment Hospital,"('18.5022073', '73.879299')",No reviews,Hospital 
Vishram Point,"('18.4928983', '73.90312')",No reviews,General hospital 
Kamal Hospital,"('18.4944815', '73.9025131')",4.6(25),Hospital 
HOSPITAL SRPF2,"('18.4918906', '73.9062809')",5.0(2),Hospital 
Kamal Nursing & Maternity Hospital,"('18.4920163', '73.9002105')",4.0(4),Maternity Centre 
Ayodhya Charitable Trust,"('18.492502', '73.90376')",4.2(20),General hospital 
HOSPITAL GAYAKWAD,"('18.4963564', '73.8979151')",No reviews,Hospital 
"arcus hospital, Best gynaecologist in wanowrie Pune, Best joint replacement surgeon in pune, India.","('18.4888526', '73.8990125')",4.4(85),Hospital 
Ganesh Mitali Eye Care Center,"('18.4947359', '73.8999052')",No reviews,Hospital 
Shri Gurudatta Specialty Hospital,"('18.4889688', '73.9327935')",4.3(22),Hospital 
Pearl hospital and research center,"('18.4895937', '73.9308946')",3.3(3),Hospital 
NATIONAL HOSPITAL,"('18.4859302', '73.9306528')",4.1(7),Hospital 
Life Care Multispecality Hospital,"('18.4910958', '73.936455')",3.5(39),General hospital 
Kamal Hospital,"('18.4845498', '73.9312907')",No reviews,Hospital 
Mohete Parveen Hospital,"('18.4831078', '73.9395503')",No reviews,General hospital 
Yashasvi Hospital,"('18.4843527', '73.939376')",5.0(21),General hospital 
Hospital in Pune,"('18.5019162', '73.9313394')",No reviews,Hospital 
Mohete Parveen Hospital,"('18.4831078', '73.9395503')",No reviews,General hospital 
Life Care Multispecality Hospital,"('18.4910958', '73.936455')",3.5(39),General hospital 
Yashasvi Hospital,"('18.4843527', '73.939376')",5.0(21),General hospital 
Shri Gurudatta Specialty Hospital,"('18.4889688', '73.9327935')",4.3(22),Hospital 
Satav Hospital,"('18.4956782', '73.9450562')",4.3(3),Hospital 
Pearl hospital and research center,"('18.4895937', '73.9308946')",3.3(3),Hospital 
Dinkar Hospital,"('18.4869779', '73.94215')",No reviews,Hospital 
NATIONAL HOSPITAL,"('18.4859302', '73.9306528')",4.1(7),Hospital 
Vighnaharta Hospital,"('18.4849856', '73.9553749')",3.3(24),General hospital 
Bhujbal Hospital,"('18.4826391', '73.9541188')",4.6(21),General hospital 
Shrinath Hospital,"('18.4838635', '73.9566125')",No reviews,General hospital 
Abhinya Clinic,"('18.485758', '73.9548659')",No reviews,General hospital 
Kunal Nisargopachar Kendra,"('18.4888995', '73.9484918')",No reviews,General hospital 
Prajabhavs Hospital,"('18.4966094', '73.9434566')",No reviews,General hospital 
Sarvollam Clinic,"('18.4972099', '73.9597351')",No reviews,General hospital 
Mohete Parveen Hospital,"('18.4831078', '73.9395503')",No reviews,General hospital 
Vighnaharta Hospital,"('18.4849856', '73.9553749')",3.3(24),General hospital 
Shrinath Hospital,"('18.4838635', '73.9566125')",No reviews,General hospital 
Sarvollam Clinic,"('18.4972099', '73.9597351')",No reviews,General hospital 
Bhujbal Hospital,"('18.4826391', '73.9541188')",4.6(21),General hospital 
Abhinya Clinic,"('18.485758', '73.9548659')",No reviews,General hospital 
Dhanwantari Hospital and Critical Care Centre,"('18.4657394', '73.9544047')",4.7(3),General hospital 
Mohete Parveen Hospital,"('18.4831078', '73.9395503')",No reviews,General hospital 
Galaxy Children's Hospital And Immunization Centre,"('18.5030362', '73.954351')",No reviews,General hospital 
Shivam Multispeciality & Accident Care Centre Pvt. Ltd.,"('18.4903747', '74.0002244')",4.7(706),General hospital 
Yog Multispeciality hospital and research centre,"('18.497937', '73.967789')",4.2(232),Hospital 
Vighnaharta Hospital,"('18.4849856', '73.9553749')",3.3(24),General hospital 
Sarvollam Clinic,"('18.4972099', '73.9597351')",No reviews,General hospital 
Bhujbal Hospital,"('18.4826391', '73.9541188')",4.6(21),General hospital 
Sampadan Hospital,"('18.4676351', '73.9789745')",No reviews,General hospital 
Shrinath Hospital,"('18.4838635', '73.9566125')",No reviews,General hospital 
Dhanwantari Hospital and Critical Care Centre,"('18.4657394', '73.9544047')",4.7(3),General hospital 
Ashwini Hospital,"('18.5057614', '73.7711821')",No reviews,General hospital 
Shatabdi Hospital,"('18.4930107', '73.780877')",No reviews,Hospital 
Borse Nursing Home,"('18.5088117', '73.7904164')",No reviews,General hospital 
City Hospital,"('18.5072286', '73.7997657')",3.4(29),General hospital 
Sushrusha Hospital,"('18.5110073', '73.7891644')",No reviews,Hospital 
Bavdhan Medicare Centre,"('18.5154329', '73.7809868')",4.1(10),General hospital 
Ashiyan Hospital,"('18.5035678', '73.7535065')",No reviews,Private hospital 
Mai Mangeshkar Hospital,"('18.4851876', '73.7997543')",4.1(436),General hospital 
Shatabdi Hospital,"('18.4930107', '73.780877')",No reviews,Hospital 
City Hospital,"('18.5072286', '73.7997657')",3.4(29),General hospital 
Capital Hospital,"('18.5085183', '73.7923483')",4.3(15),Hospital 
Kothrud Hospital,"('18.5073844', '73.7987694')",4.8(24),Hospital 
Borse Nursing Home,"('18.5088117', '73.7904164')",No reviews,General hospital 
Sahyadri Hospital Kothrud,"('18.5075171', '73.8057937')",3.6(434),General hospital 
Sutar Hospital,"('18.5036787', '73.8077848')",3.6(159),General hospital 
Mai Mangeshkar Hospital,"('18.4851876', '73.7997543')",4.1(436),General hospital 
Shashwat Hospital Kothrud,"('18.4947751', '73.8135445')",3.0(192),General hospital 
Sutar Hospital,"('18.5036787', '73.8077848')",3.6(159),General hospital 
Deoyani Multi Speciality Hospital,"('18.495911', '73.8122705')",3.7(189),General hospital 
Lokmanya Hospital,"('18.4984047', '73.8137854')",No reviews,Hospital 
Suyash Hospital,"('18.5042757', '73.8038626')",4.2(17),Hospital 
Subudh hospital and research center,"('18.5035096', '73.8137705')",3.7(40),Hospital 
Hospital Dr Sandeep,"('18.4993915', '73.8131828')",5.0(1),Hospital 
Indira Hospital,"('18.5023314', '73.8081695')",4.2(6),Hospital 
Sutar Hospital,"('18.5036787', '73.8077848')",3.6(159),General hospital 
Shashwat Hospital Kothrud,"('18.4947751', '73.8135445')",3.0(192),General hospital 
Deoyani Multi Speciality Hospital,"('18.495911', '73.8122705')",3.7(189),General hospital 
Lokmanya Hospital,"('18.4984047', '73.8137854')",No reviews,Hospital 
Subudh hospital and research center,"('18.5035096', '73.8137705')",3.7(40),Hospital 
Hospital Dr Sandeep,"('18.4993915', '73.8131828')",5.0(1),Hospital 
Pathology Hospital,"('18.4966117', '73.8132623')",No reviews,Hospital 
Dr. Kadam,"('18.4902961', '73.8211866')",3.8(5),General hospital 
Deenanath Mangeshkar Hospital and Research Center,"('18.5020467', '73.8322305')","4.0(2,056)",General hospital 
Global Hospital & Research Institute,"('18.5013183', '73.8410225')",4.3(393),General hospital 
Anup Hospital,"('18.4987391', '73.8383157')",4.6(12),Hospital 
Colony Nursing Home,"('18.5030495', '73.8447184')",4.1(51),Hospital 
Deenanath Mangeshkar Hospital,"('18.4989493', '73.8310847')",3.9(58),Hospital 
ACE Hospital & Research Center,"('18.5048912', '73.8303311')",4.6(364),Open 24 hours 
Pandith Sir Hospithal,"('18.5020512', '73.8321788')",No reviews,General hospital 
Global Hospital- Laparoscopy hospital in Pune,"('18.4938725', '73.8329745')",5.0(2),Hospital 
Global Hospital & Research Institute,"('18.5013183', '73.8410225')",4.3(393),General hospital 
Shraddha Hospital,"('18.4909427', '73.8459266')",4.1(21),General hospital 
Sampadan Hospital,"('18.4917841', '73.857137')",No reviews,Hospital 
वसुंधरा मल्टीस्पेशालिटी हॉस्पिटल,"('18.4930694', '73.8498767')",5.0(18),Hospital 
Shahade Hospital,"('18.4979037', '73.853883')",3.9(19),Hospital 
Ranka Hospital,"('18.4949949', '73.8617867')",4.3(388),General hospital 
Doctor Hospital,"('18.5011876', '73.8429371')",1.0(1),Hospital 
Apex hospital,"('18.5075985', '73.8440031')",3.4(20),General hospital 
Ranka Hospital,"('18.4949949', '73.8617867')",4.3(388),General hospital 
Pune Adventist Hospital,"('18.4919769', '73.8709658')",3.9(114),General hospital 
Kering Hospital,"('18.5031052', '73.868198')",3.7(43),General hospital 
Dr. Baba Saheb Ambedkar Hospital,"('18.496224', '73.8702245')",4.1(11),General hospital 
Sampadan Hospital,"('18.4917841', '73.857137')",No reviews,Hospital 
Dhanvantri Hospital,"('18.5034893', '73.8665627')",5.0(1),Hospital 
Mehta Hospital,"('18.4986881', '73.8700161')",5.0(2),Hospital 
Shahade Hospital,"('18.4979037', '73.853883')",3.9(19),Hospital 
Pune Cantonment Hospital,"('18.5022073', '73.879299')",No reviews,Hospital 
Pune Adventist Hospital,"('18.4919769', '73.8709658')",3.9(114),General hospital 
Kering Hospital,"('18.5031052', '73.868198')",3.7(43),General hospital 
Dr. Baba Saheb Ambedkar Hospital,"('18.496224', '73.8702245')",4.1(11),General hospital 
Sardar Vallabhbhai Patel Cantonment General Hospital Pune,"('18.5027602', '73.8771085')",3.7(84),Hospital 
Mehta Hospital,"('18.4986881', '73.8700161')",5.0(2),Hospital 
Ranka Hospital,"('18.5078264', '73.8759826')",3.7(3),General hospital 
Dhanvantri Hospital,"('18.5034893', '73.8665627')",5.0(1),Hospital 
Vishram Point,"('18.4928983', '73.90312')",No reviews,General hospital 
Kamal Hospital,"('18.4944815', '73.9025131')",4.6(25),Hospital 
Ayodhya Charitable Trust,"('18.492502', '73.90376')",4.2(20),General hospital 
Pune Cantonment Hospital,"('18.5022073', '73.879299')",No reviews,Hospital 
Obstetrics and Gynaecology Department,"('18.5042339', '73.8910604')",5.0(2),Hospital 
Ranka Hospital,"('18.5078264', '73.8759826')",3.7(3),General hospital 
Sardar Vallabhbhai Patel Cantonment General Hospital Pune,"('18.5027602', '73.8771085')",3.7(84),Hospital 
Dr. Mulay Super Speciality Hospital,"('18.5088449', '73.9071251')",4.8(4),General hospital 
Vishram Point,"('18.4928983', '73.90312')",No reviews,General hospital 
Kamal Hospital,"('18.4944815', '73.9025131')",4.6(25),Hospital 
Shivarkar Hospital's Quarters,"('18.4973248', '73.8996186')",4.0(1),Hospital 
HOSPITAL SRPF2,"('18.4918906', '73.9062809')",5.0(2),Hospital 
HOSPITAL GAYAKWAD,"('18.4963564', '73.8979151')",No reviews,Hospital 
Kamal Nursing & Maternity Hospital,"('18.4920163', '73.9002105')",4.0(4),Maternity Centre 
Ayodhya Charitable Trust,"('18.492502', '73.90376')",4.2(20),General hospital 
Ganesh Mitali Eye Care Center,"('18.4947359', '73.8999052')",No reviews,Hospital 
Villoo Poonawalla Memorial Hospital,"('18.5034764', '73.9290968')",4.0(323),General hospital 
Hospital in Pune,"('18.5019162', '73.9313394')",No reviews,Hospital 
Noble Hospitals & Research Centre,"('18.5049019', '73.9272596')","4.5(4,542)",Hospital 
Lotus Hospital,"('18.5025773', '73.9338761')",3.9(52),General hospital 
Sahyadri Super Speciality Hospital,"('18.5031093', '73.9321641')","4.7(5,864)",Hospital 
Shraddha Hospital,"('18.501856', '73.9315176')",4.7(15),Hospital 
.,"('18.5030328', '73.9321202')",No reviews,Hospital 
"Paarasmani Hospital, Hadapsar - Pune","('18.501567', '73.9307402')",4.7(172),Hospital 
Life Care Multispecality Hospital,"('18.4910958', '73.936455')",3.5(39),General hospital 
Villoo Poonawalla Memorial Hospital,"('18.5034764', '73.9290968')",4.0(323),General hospital 
Hospital in Pune,"('18.5019162', '73.9313394')",No reviews,Hospital 
Redemi Hospital,"('18.5053012', '73.9389213')",No reviews,General hospital 
Lotus Hospital,"('18.5025773', '73.9338761')",3.9(52),General hospital 
Remedy Hospital Hadapsar Pune,"('18.500648', '73.9364996')",4.8(161),Hospital 
Sahyadri Super Speciality Hospital,"('18.5031093', '73.9321641')","4.7(5,864)",Hospital 
Prajabhavs Hospital,"('18.4966094', '73.9434566')",No reviews,General hospital 
Prajabhavs Hospital,"('18.4966094', '73.9434566')",No reviews,General hospital 
Sarvollam Clinic,"('18.4972099', '73.9597351')",No reviews,General hospital 
M/S Sadguru Health And Wellness Centre,"('18.5004719', '73.9448671')",No reviews,General hospital 
Sonography Centre General Hospital,"('18.4993709', '73.9444188')",No reviews,"General hospital
Open ⋅ Closes 9 pm "
Galaxy Children's Hospital And Immunization Centre,"('18.5030362', '73.954351')",No reviews,General hospital 
New Sanjeevani Hospital,"('18.5057846', '73.9646511')",5.0(2),Hospital 
Entrance to Mahesh Smruti Hospital,"('18.4974539', '73.9618377')",No reviews,Hospital 
Vighnaharta Hospital,"('18.4849856', '73.9553749')",3.3(24),General hospital 
Sarvollam Clinic,"('18.4972099', '73.9597351')",No reviews,General hospital 
Vighnaharta Hospital,"('18.4849856', '73.9553749')",3.3(24),General hospital 
Bhujbal Hospital,"('18.4826391', '73.9541188')",4.6(21),General hospital 
Navjeevan Hospital,"('18.5111775', '73.9524818')",No reviews,General hospital 
Shrinath Hospital,"('18.4838635', '73.9566125')",No reviews,General hospital 
Galaxy Children's Hospital And Immunization Centre,"('18.5030362', '73.954351')",No reviews,General hospital 
Abhinya Clinic,"('18.485758', '73.9548659')",No reviews,General hospital 
Aayush clinic,"('18.5084422', '73.9575353')",4.8(9),General hospital 
Shivam Multispeciality & Accident Care Centre Pvt. Ltd.,"('18.4903747', '74.0002244')",4.7(706),General hospital 
Yog Multispeciality hospital and research centre,"('18.497937', '73.967789')",4.2(232),Hospital 
Vighnaharta Hospital,"('18.4849856', '73.9553749')",3.3(24),General hospital 
Sarvollam Clinic,"('18.4972099', '73.9597351')",No reviews,General hospital 
Vighnaharta Hospital,"('18.5195348', '73.9777359')",3.0(2),Private hospital 
Siddhivinayak Woman Hospital,"('18.5161192', '73.9749151')",No reviews,General hospital 
Bhujbal Hospital,"('18.4826391', '73.9541188')",4.6(21),General hospital 
Shrinath Hospital,"('18.4838635', '73.9566125')",No reviews,General hospital 
Ashwini Hospital,"('18.5057614', '73.7711821')",No reviews,General hospital 
Bavdhan Medicare Centre,"('18.5154329', '73.7809868')",4.1(10),General hospital 
Physiotherapy clinic at Om Hospital Bavdhan,"('18.5164755', '73.7817904')",3.1(35),Hospital 
Borse Nursing Home,"('18.5088117', '73.7904164')",No reviews,General hospital 
99 Clinic Multispeciality Hospital,"('18.5201963', '73.7672309')",No reviews,General hospital 
Sushrusha Hospital,"('18.5110073', '73.7891644')",No reviews,Hospital 
City Hospital,"('18.5072286', '73.7997657')",3.4(29),General hospital 
Shatabdi Hospital,"('18.4930107', '73.780877')",No reviews,Hospital 
City Hospital,"('18.5072286', '73.7997657')",3.4(29),General hospital 
Capital Hospital,"('18.5085183', '73.7923483')",4.3(15),Hospital 
Borse Nursing Home,"('18.5088117', '73.7904164')",No reviews,General hospital 
VENKATESH GENERAL HOSPITAL/PHARMEASY LAB,"('18.5084728', '73.7931028')",3.8(27),Private hospital 
Bavdhan Medicare Centre,"('18.5154329', '73.7809868')",4.1(10),General hospital 
Kothrud Hospital,"('18.5073844', '73.7987694')",4.8(24),Hospital 
Sushrusha Hospital,"('18.5110073', '73.7891644')",No reviews,Hospital 
Dwarka Hospital,"('18.507132', '73.7994882')",4.0(8),Hospital 
Sutar Hospital,"('18.5036787', '73.8077848')",3.6(159),General hospital 
City Hospital,"('18.5072286', '73.7997657')",3.4(29),General hospital 
Sahyadri Hospital Kothrud,"('18.5075171', '73.8057937')",3.6(434),General hospital 
Kothrud General & Accident Hospital,"('18.5082597', '73.8093763')",4.0(4),Hospital 
Capital Hospital,"('18.5085183', '73.7923483')",4.3(15),Hospital 
Suyash Hospital,"('18.5042757', '73.8038626')",4.2(17),Hospital 
Kothrud Hospital,"('18.5073844', '73.7987694')",4.8(24),Hospital 
Subudh hospital and research center,"('18.5035096', '73.8137705')",3.7(40),Hospital 
Sutar Hospital,"('18.5036787', '73.8077848')",3.6(159),General hospital 
Kothrud General & Accident Hospital,"('18.5082597', '73.8093763')",4.0(4),Hospital 
Tirth Clinic,"('18.5105206', '73.8207009')",No reviews,General hospital 
Subudh hospital and research center,"('18.5035096', '73.8137705')",3.7(40),Hospital 
hospital,"('18.5094566', '73.8212958')",No reviews,Hospital 
Dr Nand Kishor N Mantri,"('18.5083815', '73.8089872')",No reviews,General hospital 
Rode Hospital,"('18.5092312', '73.8149863')",3.3(7),Hospital 
Sahyadri Speciality Hospital Deccan Gymkhana - Dr. Tushar Vishwasrao Patil,"('18.5033095', '73.8197888')",4.3(12),Hospital 
Poona Hospital And Research Centre,"('18.5107446', '73.842031')",3.0(487),General hospital 
"Sahyadri Super Speciality Hospital, Deccan Gymkhana, Pune","('18.513111', '73.8392905')","4.6(5,944)",General hospital 
Deenanath Mangeshkar Hospital and Research Center,"('18.5020467', '73.8322305')","4.0(2,056)",General hospital 
Apex hospital,"('18.5075985', '73.8440031')",3.4(20),General hospital 
Global Hospital & Research Institute,"('18.5013183', '73.8410225')",4.3(393),General hospital 
Lokmanya hospital,"('18.5088575', '73.8340859')",4.4(7),Hospital 
Hospital,"('18.5132582', '73.8384732')",No reviews,Hospital 
Sathe Hospital,"('18.5150824', '73.8418954')",4.6(97),Hospital 
Poona Hospital And Research Centre,"('18.5107446', '73.842031')",3.0(487),General hospital 
"Sahyadri Super Speciality Hospital, Deccan Gymkhana, Pune","('18.513111', '73.8392905')","4.6(5,944)",General hospital 
Umarji Hospital Shukrawar Peth,"('18.5119126', '73.8577037')",4.2(19),General hospital 
Apex hospital,"('18.5075985', '73.8440031')",3.4(20),General hospital 
Morya General Hospital,"('18.5148172', '73.8484333')",No reviews,General hospital 
Global Hospital & Research Institute,"('18.5013183', '73.8410225')",4.3(393),General hospital 
Paranjape Hospital,"('18.5119944', '73.8457897')",3.5(4),Hospital 
Yogesh Hospital,"('18.5103783', '73.847871')",4.1(69),Hospital 
Umarji Hospital Shukrawar Peth,"('18.5119126', '73.8577037')",4.2(19),General hospital 
Kering Hospital,"('18.5031052', '73.868198')",3.7(43),General hospital 
Chayakiran Multispecialist Hospital,"('18.5096376', '73.8714765')",No reviews,General hospital 
Matruseva Hospital,"('18.516329', '73.8719416')",4.0(1),General hospital 
Sanjivani Hospital,"('18.5129149', '73.8539392')",2.0(1),Hospital 
Shaikh hospital-maternity' mother and child care' hospital.,"('18.5154742', '73.8627354')",4.6(12),Hospital 
Kirad Hospital,"('18.514306', '73.8688931')",4.1(20),Hospital 
Dhanvantri Hospital,"('18.5034893', '73.8665627')",5.0(1),Hospital 
Ranka Hospital,"('18.5078264', '73.8759826')",3.7(3),General hospital 
Pune Cantonment Hospital,"('18.5022073', '73.879299')",No reviews,Hospital 
Kering Hospital,"('18.5031052', '73.868198')",3.7(43),General hospital 
Sardar Vallabhbhai Patel Cantonment General Hospital Pune,"('18.5027602', '73.8771085')",3.7(84),Hospital 
Chayakiran Multispecialist Hospital,"('18.5096376', '73.8714765')",No reviews,General hospital 
Matruseva Hospital,"('18.516329', '73.8719416')",4.0(1),General hospital 
Usha Nursing Home,"('18.507454', '73.8787004')",3.5(36),General hospital 
Rahel Hospital,"('18.5165592', '73.8739739')",4.4(5),Hospital 
Pune Cantonment Hospital,"('18.5022073', '73.879299')",No reviews,Hospital 
Obstetrics and Gynaecology Department,"('18.5042339', '73.8910604')",5.0(2),Hospital 
Chaitanya General Hospital,"('18.5200352', '73.9067405')",No reviews,General hospital 
Ranka Hospital,"('18.5078264', '73.8759826')",3.7(3),General hospital 
Dr. Mulay Super Speciality Hospital,"('18.5088449', '73.9071251')",4.8(4),General hospital 
Sardar Vallabhbhai Patel Cantonment General Hospital Pune,"('18.5027602', '73.8771085')",3.7(84),Hospital 
Rahel Hospital,"('18.5165592', '73.8739739')",4.4(5),Hospital 
Jehangir Hospital,"('18.5303448', '73.8767266')","4.6(6,636)",General hospital 
Dr. Mulay Super Speciality Hospital,"('18.5088449', '73.9071251')",4.8(4),General hospital 
Chaitanya General Hospital,"('18.5200352', '73.9067405')",No reviews,General hospital 
Vishram Point,"('18.4928983', '73.90312')",No reviews,General hospital 
Villoo Poonawalla Memorial Hospital,"('18.5034764', '73.9290968')",4.0(323),General hospital 
HOSPITAL GAYAKWAD,"('18.4963564', '73.8979151')",No reviews,Hospital 
Pune Cantonment Hospital,"('18.5022073', '73.879299')",No reviews,Hospital 
Kamal Hospital,"('18.4944815', '73.9025131')",4.6(25),Hospital 
Hospital in Pune,"('18.5019162', '73.9313394')",No reviews,Hospital 
Villoo Poonawalla Memorial Hospital,"('18.5034764', '73.9290968')",4.0(323),General hospital 
Hospital in Pune,"('18.5019162', '73.9313394')",No reviews,Hospital 
Noble Hospitals & Research Centre,"('18.5049019', '73.9272596')","4.5(4,542)",Hospital 
Lotus Hospital,"('18.5025773', '73.9338761')",3.9(52),General hospital 
Sahyadri Super Speciality Hospital,"('18.5031093', '73.9321641')","4.7(5,864)",Hospital 
"Paarasmani Hospital, Hadapsar - Pune","('18.501567', '73.9307402')",4.7(172),Hospital 
Remedy Hospital Hadapsar Pune,"('18.500648', '73.9364996')",4.8(161),Hospital 
Redemi Hospital,"('18.5053012', '73.9389213')",No reviews,General hospital 
Villoo Poonawalla Memorial Hospital,"('18.5034764', '73.9290968')",4.0(323),General hospital 
Hospital in Pune,"('18.5019162', '73.9313394')",No reviews,Hospital 
Redemi Hospital,"('18.5053012', '73.9389213')",No reviews,General hospital 
Lotus Hospital,"('18.5025773', '73.9338761')",3.9(52),General hospital 
Remedy Hospital Hadapsar Pune,"('18.500648', '73.9364996')",4.8(161),Hospital 
Sahyadri Super Speciality Hospital,"('18.5031093', '73.9321641')","4.7(5,864)",Hospital 
Annasaheb Magar Hospital,"('18.5071163', '73.9340842')",4.3(3),Government hospital 
Yash Hospital,"('18.5102388', '73.9380895')",3.2(139),Hospital 
Navjeevan Hospital,"('18.5111775', '73.9524818')",No reviews,General hospital 
M/S Sadguru Health And Wellness Centre,"('18.5004719', '73.9448671')",No reviews,General hospital 
Galaxy Children's Hospital And Immunization Centre,"('18.5030362', '73.954351')",No reviews,General hospital 
Aayush clinic,"('18.5084422', '73.9575353')",4.8(9),General hospital 
Sonography Centre General Hospital,"('18.4993709', '73.9444188')",No reviews,"General hospital
Open ⋅ Closes 9 pm "
New Sanjeevani Hospital,"('18.5057846', '73.9646511')",5.0(2),Hospital 
Redemi Hospital,"('18.5053012', '73.9389213')",No reviews,General hospital 
Sarvollam Clinic,"('18.4972099', '73.9597351')",No reviews,General hospital 
Siddhivinayak Woman Hospital,"('18.5161192', '73.9749151')",No reviews,General hospital 
Aayush clinic,"('18.5084422', '73.9575353')",4.8(9),General hospital 
Lotus Hospital,"('18.5152365', '73.9642801')",4.2(6),Hospital 
New Sanjeevani Hospital,"('18.5057846', '73.9646511')",5.0(2),Hospital 
Shri sai hospital,"('18.508171', '73.9568535')",4.0(8),"Private hospital
Open 24 hours "
Sarvollam Clinic,"('18.4972099', '73.9597351')",No reviews,General hospital 
Navjeevan Hospital,"('18.5111775', '73.9524818')",No reviews,General hospital 
Shivneri Hospital,"('18.4979227', '73.957634')",4.0(4),Hospital 
Siddhivinayak Woman Hospital,"('18.5161192', '73.9749151')",No reviews,General hospital 
Vighnaharta Hospital,"('18.5195348', '73.9777359')",3.0(2),Private hospital 
Jijao Hospital,"('18.5260866', '73.9654082')",No reviews,General hospital 
Sarvollam Clinic,"('18.4972099', '73.9597351')",No reviews,General hospital 
Shivam Multispeciality & Accident Care Centre Pvt. Ltd.,"('18.4903747', '74.0002244')",4.7(706),General hospital 
Vighnaharta Hospital,"('18.4849856', '73.9553749')",3.3(24),General hospital 
Vighneshwar Hospital,"('18.5259478', '73.9630005')",4.9(38),Hospital 
Navjeevan Hospital,"('18.5111775', '73.9524818')",No reviews,General hospital 
Tirupati Hospital,"('18.5166062', '73.7743905')",4.1(8),Hospital 
Bavdhan Medicare Centre,"('18.5154329', '73.7809868')",4.1(10),General hospital 
99 Clinic Multispeciality Hospital,"('18.5201963', '73.7672309')",No reviews,General hospital 
Physiotherapy clinic at Om Hospital Bavdhan,"('18.5164755', '73.7817904')",3.1(35),Hospital 
Chellaram Hospital - Diabetes Care & Multispeciality,"('18.5195687', '73.7700009')",4.0(348),Hospital 
Yash Clinic,"('18.5201035', '73.7738638')",4.0(1),Hospital 
Ashwini Hospital,"('18.5057614', '73.7711821')",No reviews,General hospital 
Borse Nursing Home,"('18.5088117', '73.7904164')",No reviews,General hospital 
Bavdhan Medicare Centre,"('18.5154329', '73.7809868')",4.1(10),General hospital 
Sushrusha Hospital,"('18.5110073', '73.7891644')",No reviews,Hospital 
Capital Hospital,"('18.5085183', '73.7923483')",4.3(15),Hospital 
Borse Nursing Home,"('18.5088117', '73.7904164')",No reviews,General hospital 
City Hospital,"('18.5072286', '73.7997657')",3.4(29),General hospital 
Sahyadri Hospital Kothrud,"('18.5075171', '73.8057937')",3.6(434),General hospital 
Kothrud Hospital,"('18.5073844', '73.7987694')",4.8(24),Hospital 
Sutar Hospital,"('18.5036787', '73.8077848')",3.6(159),General hospital 
Shree surgical and general Hospital Kothrud,"('18.5190179', '73.8087834')",No reviews,Hospital 
Suyash Hospital,"('18.5165611', '73.8036308')",No reviews,Hospital 
Kothrud General & Accident Hospital,"('18.5082597', '73.8093763')",4.0(4),Hospital 
Capital Hospital,"('18.5085183', '73.7923483')",4.3(15),Hospital 
City Hospital,"('18.5072286', '73.7997657')",3.4(29),General hospital 
Sahyadri Hospital Kothrud,"('18.5075171', '73.8057937')",3.6(434),General hospital 
Krishna Hospital,"('18.5092141', '73.8127714')",2.9(121),Hospital 
VENKATESH GENERAL HOSPITAL/PHARMEASY LAB,"('18.5084728', '73.7931028')",3.8(27),Private hospital 
Tirth Clinic,"('18.5105206', '73.8207009')",No reviews,General hospital 
Shree surgical and general Hospital Kothrud,"('18.5190179', '73.8087834')",No reviews,Hospital 
Fadnis Hospital,"('18.5114167', '73.8196183')",No reviews,Hospital 
Kothrud General & Accident Hospital,"('18.5082597', '73.8093763')",4.0(4),Hospital 
hospital,"('18.5094566', '73.8212958')",No reviews,Hospital 
Sahyadri Hospital Kothrud,"('18.5075171', '73.8057937')",3.6(434),General hospital 
hospital,"('18.5295756', '73.8325678')",No reviews,Hospital 
Shifa Clinic,"('18.5289843', '73.8299107')",No reviews,General hospital 
Deendayal Memorial Hospital,"('18.525042', '73.841219')",3.6(73),General hospital 
Poona Hospital And Research Centre,"('18.5107446', '73.842031')",3.0(487),General hospital 
"Sahyadri Super Speciality Hospital, Deccan Gymkhana, Pune","('18.513111', '73.8392905')","4.6(5,944)",General hospital 
Kaustubh Hospital,"('18.5224814', '73.8448239')",No reviews,Hospital 
Sathe Hospital,"('18.5150824', '73.8418954')",4.6(97),Hospital 
Prayag Hospital,"('18.5174849', '73.8427871')",3.7(76),General hospital 
Phadke Hospital,"('18.5182785', '73.843985')",4.1(40),Hospital 
Joshi Hospital,"('18.5170201', '73.8330301')",3.1(235),Hospital 
Poona Hospital And Research Centre,"('18.5107446', '73.842031')",3.0(487),General hospital 
Deendayal Memorial Hospital,"('18.525042', '73.841219')",3.6(73),General hospital 
Purohit Hospital,"('18.5205081', '73.8567695')",3.4(5),General hospital 
Yashda Hospital,"('18.516796', '73.8595484')",4.1(18),General hospital 
"Sahyadri Super Speciality Hospital, Deccan Gymkhana, Pune","('18.513111', '73.8392905')","4.6(5,944)",General hospital 
Umarji Hospital Shukrawar Peth,"('18.5119126', '73.8577037')",4.2(19),General hospital 
Surya Sahyadri Hospital,"('18.5214255', '73.8558527')",4.3(385),General hospital 
Morya General Hospital,"('18.5148172', '73.8484333')",No reviews,General hospital 
KEM Hospital,"('18.5199723', '73.8669765')",3.7(905),General hospital 
Samarth Hospital,"('18.5195188', '73.8621121')",4.1(13),General hospital 
Purohit Hospital,"('18.5205081', '73.8567695')",3.4(5),General hospital 
Kamla Nehru Hospital,"('18.5229322', '73.8620059')",4.1(314),General hospital 
Yashda Hospital,"('18.516796', '73.8595484')",4.1(18),General hospital 
Matruseva Hospital,"('18.516329', '73.8719416')",4.0(1),General hospital 
Rahel Hospital,"('18.5165592', '73.8739739')",4.4(5),Hospital 
Umarji Hospital Shukrawar Peth,"('18.5119126', '73.8577037')",4.2(19),General hospital 
Matruseva Hospital,"('18.516329', '73.8719416')",4.0(1),General hospital 
Rahel Hospital,"('18.5165592', '73.8739739')",4.4(5),Hospital 
Unique Hospital,"('18.5220171', '73.8676745')",4.0(7),Hospital 
Sasoon Hospital,"('18.5262338', '73.8713339')",3.8(170),Government hospital 
KEM Hospital,"('18.5199723', '73.8669765')",3.7(905),General hospital 
वातेचे हाँस्पीटल....,"('18.5145679', '73.8747608')",No reviews,Hospital 
My hospital,"('18.5220679', '73.876269')",No reviews,Hospital 
Chayakiran Multispecialist Hospital,"('18.5096376', '73.8714765')",No reviews,General hospital 
Cloudnine Hospital - Kalyaninagar,"('18.5457887', '73.9007306')","4.7(2,213)",Obstetrician-gynecologist 
Pune Chavani Hospital,"('18.5262785', '73.8960968')",3.8(4),Hospital 
Chaitanya General Hospital,"('18.5200352', '73.9067405')",No reviews,General hospital 
Jehangir Hospital,"('18.5303448', '73.8767266')","4.6(6,636)",General hospital 
Arjun Clinic And General Hospital,"('18.52579', '73.895684')",5.0(1),Hospital 
Shreenath Hospital,"('18.5211612', '73.9066431')",4.0(51),Hospital 
Ranka Hospital,"('18.5078264', '73.8759826')",3.7(3),General hospital 
Pune Medical Foundation,"('18.5296029', '73.8760154')",2.8(4),General hospital 
Cloudnine Hospital - Kalyaninagar,"('18.5457887', '73.9007306')","4.7
(2,213)",Obstetrician-gynecologist 
Vishwananda Hospital,"('18.5181751', '73.9322802')","1.0
(1)",Hospital 
Yash Hospital,"('18.5102388', '73.9380895')","3.2
(139)",Hospital 
Vishwananda Hospital,"('18.5181751', '73.9322802')","1.0
(1)",Hospital 
Navjeevan Hospital,"('18.5111775', '73.9524818')",No reviews,General hospital 
Jijao Hospital,"('18.5260866', '73.9654082')",No reviews,General hospital 
Redemi Hospital,"('18.5053012', '73.9389213')",No reviews,General hospital 
Aayush clinic,"('18.5084422', '73.9575353')",4.8(9),General hospital 
Ace Hospital,"('18.533644', '73.940195')",4.7(15),Private hospital 
"Manipal Hospital, Kharadi - Pune","('18.5410783', '73.935716')","4.5(5,769)",General hospital 
Lotus Hospital,"('18.5025773', '73.9338761')",3.9(52),General hospital 
"Shivam Maternity & Accident Hospital, Hadapsar","('18.5007548', '73.9364464')",4.3(24),General hospital 
Jijao Hospital,"('18.5260866', '73.9654082')",No reviews,General hospital 
Siddhivinayak Woman Hospital,"('18.5161192', '73.9749151')",No reviews,General hospital 
Navjeevan Hospital,"('18.5111775', '73.9524818')",No reviews,General hospital 
Aayush clinic,"('18.5084422', '73.9575353')",4.8(9),General hospital 
Sarvollam Clinic,"('18.4972099', '73.9597351')",No reviews,General hospital 
Galaxy Children's Hospital And Immunization Centre,"('18.5030362', '73.954351')",No reviews,General hospital 
Redemi Hospital,"('18.5053012', '73.9389213')",No reviews,General hospital 
"Manipal Hospital, Kharadi - Pune","('18.5410783', '73.935716')","4.5(5,769)",General hospital 
Vighnaharta Hospital,"('18.5195348', '73.9777359')","3.0
(2)",Private hospital 
Siddhivinayak Woman Hospital,"('18.5161192', '73.9749151')",No reviews,General hospital 
99 Clinic Multispeciality Hospital,"('18.5201963', '73.7672309')",No reviews,General hospital 
Yash Clinic,"('18.5201035', '73.7738638')",4.0(1),Hospital 
Chellaram Hospital - Diabetes Care & Multispeciality,"('18.5195687', '73.7700009')",4.0(348),Hospital 
Tirupati Hospital,"('18.5166062', '73.7743905')",4.1(8),Hospital 
Bavdhan Medicare Centre,"('18.5154329', '73.7809868')",4.1(10),General hospital 
Physiotherapy clinic at Om Hospital Bavdhan,"('18.5164755', '73.7817904')",3.1(35),Hospital 
Kulkarni Hospital,"('18.5391944', '73.7946188')",4.2(5),Hospital 
Pashan Hospital Pmc,"('18.5382769', '73.7954102')",4.0(5),Hospital 
Pashan Hospital Pmc,"('18.5382769', '73.7954102')",4.0(5),Hospital 
Late Sahadeo Eknath Nimhan Dispensary,"('18.5376696', '73.7952431')",3.0(13),Hospital 
Bavdhan Medicare Centre,"('18.5154329', '73.7809868')",4.1(10),General hospital 
City Hospital,"('18.5072286', '73.7997657')",3.4(29),General hospital 
Physiotherapy clinic at Om Hospital Bavdhan,"('18.5164755', '73.7817904')",3.1(35),Hospital 
Borse Nursing Home,"('18.5088117', '73.7904164')",No reviews,General hospital 
Sutar Hospital,"('18.5036787', '73.8077848')",3.6(159),General hospital 
Sahyadri Hospital Kothrud,"('18.5075171', '73.8057937')",3.6(434),General hospital 
Pashan Hospital Pmc,"('18.5382769', '73.7954102')",4.0(5),Hospital 
Samarth Hospital,"('18.542204', '73.8290516')",No reviews,General hospital 
Late Sahadeo Eknath Nimhan Dispensary,"('18.5376696', '73.7952431')",3.0(13),Hospital 
City Hospital,"('18.5072286', '73.7997657')",3.4(29),General hospital 
Deendayal Memorial Hospital,"('18.525042', '73.841219')",3.6(73),General hospital 
hospital,"('18.5083326', '73.8089747')",4.0(1),Hospital 
hospital,"('18.5295756', '73.8325678')",No reviews,Hospital 
Sutar Hospital,"('18.5036787', '73.8077848')",3.6(159),General hospital 
Shifa Clinic,"('18.5289843', '73.8299107')",No reviews,General hospital 
Orchids Hospital,"('18.5281987', '73.8296907')",5.0(1),Hospital 
Chavhan Hospital,"('18.529333', '73.8241423')",No reviews,Hospital 
hospital,"('18.5295756', '73.8325678')",No reviews,Hospital 
Samarth Hospital,"('18.542204', '73.8290516')",No reviews,General hospital 
"Om Hospital- General Laparoscopic Surgeon | Orthopaedic Surgeon | Hospital in Shivaji nagar, Pune","('18.529263', '73.8306562')",4.5(79),Hospital 
Deendayal Memorial Hospital,"('18.525042', '73.841219')",3.6(73),General hospital 
Jeevan Hospital,"('18.5300398', '73.8373083')",No reviews,Hospital 
Deendayal Memorial Hospital,"('18.525042', '73.841219')",3.6(73),General hospital 
hospital,"('18.5295756', '73.8325678')",No reviews,Hospital 
Jeevan Hospital,"('18.5300398', '73.8373083')",No reviews,Hospital 
Shifa Clinic,"('18.5289843', '73.8299107')",No reviews,General hospital 
Kaustubh Hospital,"('18.5224814', '73.8448239')",No reviews,Hospital 
Orchids Hospital,"('18.5281987', '73.8296907')",5.0(1),Hospital 
Chavhan Hospital,"('18.529333', '73.8241423')",No reviews,Hospital 
Kaevw Hospital,"('18.5274158', '73.8375478')",No reviews,Hospital 
Deendayal Memorial Hospital,"('18.525042', '73.841219')",3.6(73),General hospital 
Deccan Hardikar Hospital.,"('18.5304104', '73.8474815!16zL20vMGJwZjhf!19sChIJC6yhtYDAwjsRafS-OjmL398?authuser=0&hl=en&rclk=')",4.5(831),General hospital 
Purohit Hospital,"('18.5205081', '73.8567695')",3.4(5),General hospital 
Manorama Ogale Memorial Hospital,"('18.5308775', '73.8474492')",3.7(3),Hospital 
Surya Sahyadri Hospital,"('18.5214255', '73.8558527')",4.3(385),General hospital 
Suyog Hospital,"('18.5258093', '73.852058')",No reviews,Hospital 
Kaustubh Hospital,"('18.5224814', '73.8448239')",No reviews,Hospital 
sadar hosptial,"('18.5204303', '73.8567437')",5.0(1),Hospital 
Purohit Hospital,"('18.5205081', '73.8567695')",3.4(5),General hospital 
Kamla Nehru Hospital,"('18.5229322', '73.8620059')",4.1(314),General hospital 
Surya Sahyadri Hospital,"('18.5214255', '73.8558527')",4.3(385),General hospital 
Unique Hospital,"('18.5220171', '73.8676745')",4.0(7),Hospital 
KEM Hospital,"('18.5199723', '73.8669765')",3.7(905),General hospital 
Sasoon Hospital,"('18.5262338', '73.8713339')",3.8(170),Government hospital 
sadar hosptial,"('18.5204303', '73.8567437')",5.0(1),Hospital 
B. J. Government Medical College & Sassoon General Hospital,"('18.521967', '73.8655687')",1.0(1),General hospital 
